Date,MSCI World Sector Neutral Quality,S&P 500,MSCI Europe Small Cap Value Weighted,MSCI EMU,MSCI ACWI,MSCI USA Small Cap Value Weighted,MSCI Europe,MSCI Emerging Markets,MSCI World Momentum,S&P 500 Minimum Volatility,FTSE World Government Bond - Developed Markets,MSCI World
01/1975,,,,,,,,,,,,
02/1975,,,,,,,,,,,,
03/1975,,,,,,,,,,,,
04/1975,,,,,,,,,,,,
05/1975,,,,,,,,,,,,
06/1975,,,,,,,,,,,,
07/1975,,,,,,,,,,,,
08/1975,,,,,,,,,,,,
09/1975,,,,,,,,,,,,
10/1975,,,,,,,,,,,,
11/1975,,,,,,,,,,,,
12/1975,,,,,,,,,,,,
01/1976,,,,,,,,,,,,
02/1976,,,,,,,,,,,,
03/1976,,,,,,,,,,,,
04/1976,,,,,,,,,,,,
05/1976,,,,,,,,,,,,
06/1976,,,,,,,,,,,,
07/1976,,,,,,,,,,,,
08/1976,,,,,,,,,,,,
09/1976,,,,,,,,,,,,
10/1976,,,,,,,,,,,,
11/1976,,,,,,,,,,,,
12/1976,,,,,,,,,,,,
01/1977,,,,,,,,,,,,
02/1977,,,,,,,,,,,,
03/1977,,,,,,,,,,,,
04/1977,,,,,,,,,,,,
05/1977,,,,,,,,,,,,
06/1977,,,,,,,,,,,,
07/1977,,,,,,,,,,,,
08/1977,,,,,,,,,,,,
09/1977,,,,,,,,,,,,
10/1977,,,,,,,,,,,,
11/1977,,,,,,,,,,,,
12/1977,,,,,,,,,,,,
01/1978,,,,,,,,,,,,
02/1978,,,,,,,,,,,,
03/1978,,,,,,,,,,,,
04/1978,,,,,,,,,,,,
05/1978,,,,,,,,,,,,
06/1978,,,,,,,,,,,,
07/1978,,,,,,,,,,,,
08/1978,,,,,,,,,,,,
09/1978,,,,,,,,,,,,
10/1978,,,,,,,,,,,,
11/1978,,,,,,,,,,,,
12/1978,,,,,,,10000.0,,,,,10000.0
01/1979,,,,,,,10185.22014136237,,,,,10398.93090525051
02/1979,,,,,,,10417.900537688138,,,,,10248.849017195265
03/1979,,,,,,,11082.862239464235,,,,,10675.226277917642
04/1979,,,,,,,11357.57172782809,,,,,10778.503582798208
05/1979,,,,,,,10904.936631009778,,,,,10708.88094469764
06/1979,,,,,,,11091.800584057346,,,,,10889.84575852203
07/1979,,,,,,,10853.345228031321,,,,,10578.59050660415
08/1979,,,,,,,11213.883160751473,,,,,11036.524853554605
09/1979,,,,,,,11652.336273235684,,,,,11162.378098026924
10/1979,,,,,,,10649.360632847074,,,,,10376.16510293369
11/1979,,,,,,,11043.6332976069,,,,,10651.72398360166
12/1979,,,,,,,10821.354643477584,,,,,10690.898083358965
01/1980,,,,,,,11242.475784533128,,,,,11222.644152383618
02/1980,,,,,,,11482.007621487988,,,,,11331.976524858845
03/1980,,,,,,,10360.385370629212,,,,,10648.959921826556
04/1980,,,,,,,11543.023470064547,,,,,11481.555130843204
05/1980,,,,,,,11330.929112519876,,,,,11524.620863031956
06/1980,,,,,,,11957.612881949926,,,,,11899.479614256963
07/1980,,,,,,,11981.966073808446,,,,,12112.443054965368
08/1980,,,,,,,12319.463324403649,,,,,12593.610215946585
09/1980,,,,,,,12486.108878404128,,,,,12940.50819136116
10/1980,,,,,,,13244.768873607409,,,,,13651.988424485866
11/1980,,,,,,,13531.201741509978,,,,,14720.80969969001
12/1980,,,,,,,13386.746967081915,,,,,14852.777656733122
01/1981,,,,,,,12901.570454855964,,,,,14463.167712691038
02/1981,,,,,,,13644.781032510171,,,,,15492.392711318946
03/1981,,,,,,,13911.717203326398,,,,,16052.980807362164
04/1981,,,,,,,14128.132363625942,,,,,16486.545396880545
05/1981,,,,,,,13784.056365579896,,,,,17151.11818447906
06/1981,,,,,,,13967.425120332042,,,,,17776.102685456586
07/1981,,,,,,,13981.281512403613,,,,,18007.194521247322
08/1981,,,,,,,14761.15427239477,,,,,18130.394515906635
09/1981,,,,,,,12761.086202590053,,,,,16005.212422046534
10/1981,,,,,,,12866.599550853194,,,,,16005.922154789589
11/1981,,,,,,,14277.60375781027,,,,,17009.80602398687
12/1981,,,,,,,13984.765300858502,,,,,16876.439053870592
01/1982,,,,,,,14402.467798156844,,,,,16881.13539235484
02/1982,,,,,,,14300.26884118683,,,,,16385.868405302343
03/1982,,,,,,,14514.385907761894,,,,,16227.944726131596
04/1982,,,,,,,15183.53274759939,,,,,17285.722889362583
05/1982,,,,,,,14647.970058985642,,,,,16273.178335734792
06/1982,,,,,,,14240.704226932248,,,,,16438.284350643287
07/1982,,,,,,,14846.610873622283,,,,,16573.143717930932
08/1982,,,,,,,15022.471945021978,,,,,17882.283764432374
09/1982,,,,,,,15503.519702165911,,,,,18131.556845189443
10/1982,,,,,,,15876.892895760726,,,,,19604.697884395795
11/1982,,,,,,,16396.918629792548,,,,,20986.471366493104
12/1982,,,,,,,16510.035584635407,,,,,21023.74673104958
01/1983,,,,,,,16420.057215838122,,,,,21318.754321023876
02/1983,,,,,,,17367.935288236196,,,,,22163.51841819067
03/1983,,,,,,,18332.397428524415,,,,,23056.578701356586
04/1983,,,,,,,20112.532333656265,,,,,25056.054263461087
05/1983,,,,,,,20027.580384583136,,,,,24962.871570881693
06/1983,,,,,,,21007.73814829671,,,,,26533.10565275236
07/1983,,,,,,,20998.024802962977,,,,,26410.84284460705
08/1983,,,,,,,21207.83569842657,,,,,27411.097731117163
09/1983,,,,,,,21589.12169746449,,,,,27981.257800281186
10/1983,,,,,,,21218.41966876916,,,,,27194.328512790005
11/1983,,,,,,,22426.926965409402,,,,,28639.756228040675
12/1983,,,,,,,23167.323982864913,,,,,29738.385513379875
01/1984,,,,,,,24640.030757135624,,,,,30654.85931613871
02/1984,,,,,,,24556.14364968392,,,,,29221.455242028762
03/1984,,,,,,,24304.1853565208,,,,,29503.60589201104
04/1984,,,,,,,24401.07405848904,,,,,29913.11483894515
05/1984,,,,,,,23461.88293522704,,,,,28694.774730638914
06/1984,,,,,,,23416.017177572485,,,,,28934.331593727657
07/1984,,,,,,,22702.900331953922,,,,,28967.16865512922
08/1984,,,,,,,24902.881547441197,,,,,32229.765663017726
09/1984,,,,,,,25689.89693171678,,,,,33621.36624044726
10/1984,,,,,,,26218.066087228628,,,,,34594.62624265953
11/1984,,,,,,,25459.90016246004,,,,,33559.79206469479
12/1984,,,,,,,26655.48003141415,,,,,35609.46600893423
01/1985,,,,,,,28565.804283394995,,,,10000.0,38486.35872300831
02/1985,,,,,,,28397.7751727548,,,,10235.623791293367,39993.182541852475
03/1985,,,,,,,31750.48623767491,,,,9832.991277578245,41469.22422550362
04/1985,,,,,,,30405.977708846476,,,,10019.526779018826,38489.090820548394
05/1985,,,,,,,32216.97093902647,,,,10250.878162371237,40743.73145553946
06/1985,,,,,,,32030.921024844753,,,,10301.64384102301,40742.04246084016
07/1985,,,,,,,33341.9319047086,,,,9878.10316927813,39548.87472097862
08/1985,,,,,,,33850.10476610643,,,,10023.207167383669,38498.9529361696
09/1985,,,,,,,34966.13826801538,,,,10000.690689505467,39409.12599100308
10/1985,,,,,,,36463.30311388926,,,,9906.056360263647,38972.698766852656
11/1985,,,,,,,38558.1630517397,,,,9884.566049650708,40349.80151346891
12/1985,,,,,,,39293.26199421451,,,,9934.453565931248,41237.076489579886
01/1986,,,,,,,39219.80881425104,,,,9925.10952362158,40978.07138919157
02/1986,,,,,,,42157.14610079315,,,,9916.525239767929,42907.85004137819
03/1986,,,,,,,44354.18024686089,,,,10739.896199234323,45797.31497619826
04/1986,,,,,,,48736.43148138191,,,,10441.922879583219,47298.08927667742
05/1986,,,,,,,43659.961950041514,,,,10638.789122626988,46334.346426348624
06/1986,,,,,,,45751.07265231215,,,,10584.047045822315,48381.8912958277
07/1986,,,,,,,44035.352202574424,,,,10486.146741918934,47335.68457116948
08/1986,,,,,,,47492.401909488784,,,,10499.348778466276,49922.31551687076
09/1986,,,,,,,44140.88415290366,,,,10306.054386865058,47558.040732892434
10/1986,,,,,,,43922.99342187089,,,,10425.997552985753,46216.703726404754
11/1986,,,,,,,46755.888523099056,,,,10193.402928523503,48660.15998817887
12/1986,,,,,,,47257.390185902936,,,,10111.73382799858,48918.98842075373
01/1987,,,,,,,46389.80244001448,,,,9993.70485850732,51380.59265631078
02/1987,,,,,,,47204.61757395258,,,,10106.977937403795,52132.908088075965
03/1987,,,,,,,49462.36165581777,,,,10180.674507637053,55265.51344098957
04/1987,,,,,,,50735.31690030454,,,,10200.941311126022,57738.690406181646
05/1987,,,,,,,49848.980747144575,,,,10304.159924221494,57113.9937546486
06/1987,,,,,,,52196.0860707841,,,,10235.771796187393,58098.78560738437
07/1987,,,,,,,54738.321760303916,,,,10204.532896554445,60110.697558145344
08/1987,,,,,,,55629.85632732613,,,,10117.318545999922,64152.31021935194
09/1987,,,,,,,54540.5910637742,,,,9982.121008801358,61386.36991470059
10/1987,,,,,,,43857.440146959256,,,,10052.650274302403,50587.01719849432
11/1987,,,,,,,39397.992820401625,,,,9854.55065714173,46366.2679199422
12/1987,,,,10000.0,10000.0,,40428.05684667624,10000.0,,,9862.523187433399,46897.08825092531
01/1988,,,,9290.554734495561,10362.212139605463,,39180.82143012408,11100.47162367223,,,10484.893633816157,48537.91486111502
02/1988,,,,10720.490268126296,11282.110059171597,,42689.573916861336,11461.291863905322,,,10616.775861388483,52830.33748936401
03/1988,,,,10710.165246541219,11476.420852926867,,43274.38488595768,12521.24277606616,,,10553.932983383984,53678.8922827356
04/1988,,,,10801.616040378754,11556.986830015314,,43820.10731069918,13112.040735068915,,,10612.661325334491,54021.874909011836
05/1988,,,,10764.067748282234,11443.912967032968,,43428.87784123851,13639.02402930403,,,10830.24825354225,53453.569837154544
06/1988,,,,11273.424560208125,11860.614285714286,,44591.29439445851,14627.42142857143,,,11159.490073805107,55352.12630107665
07/1988,,,,11814.53658758815,12692.719556541022,,46946.56391953425,14975.041011086476,,,11411.453605399218,59223.211243419464
08/1988,,,,11745.431483102333,12268.07996735286,,45823.72259511506,14901.700172304345,,,11311.175356198444,57212.208770766185
09/1988,,,,12369.732050169516,12705.951237958045,,47966.87338126234,15753.073629242817,,,11570.055649840155,59193.67146169965
10/1988,,,,13286.76649260978,13206.140200210748,,51118.631903596775,15265.137565858797,,,11578.630066700873,61559.61652450747
11/1988,,,,12883.625079765901,13111.622940035424,,49702.09566678446,14598.68405161508,,,11377.649287603108,61167.29304238174
12/1988,,,,13141.670244033543,13247.062765957447,,50020.7233364705,15003.067021276594,,,11511.44571180487,61772.09104022391
01/1989,,,,13467.957838422972,14271.517099719102,,53891.89408235313,15401.73523525281,,,11972.569759640053,66530.23651002873
02/1989,,,,13481.800457000525,14363.729488091007,,53943.003841542406,16786.342961251332,,,11694.9421794214,66917.44002020075
03/1989,,,,13667.454824262708,14380.523217321286,,54698.55957846323,18582.710906325494,,,11949.994079804239,66917.03851528569
04/1989,,,,14284.73038696041,14824.704615384617,,56530.32122159427,22232.787692307695,,,12029.29510202471,68825.34672955025
05/1989,,,,14325.422121891175,15097.170723468143,,55940.88144218295,23500.9133339589,,,12403.342937206457,70004.8349235646
06/1989,,,,15271.287699578545,15156.392567825755,,59298.22305090406,21022.225105082158,,,12541.165094525792,70445.63352546078
07/1989,,,,15976.286983767382,16134.110132480582,,63389.825880458106,21428.557606212882,,,12480.06867427083,74970.4207865175
08/1989,,,,16177.090604537514,15999.00940805344,,63567.723885904525,22265.66281313787,,,12709.328255120969,74270.95275118499
09/1989,,,,17086.608788757276,16736.539218087608,,65653.79553808285,25457.01083372586,,,12417.62047598374,77521.37812350164
10/1989,,,,15645.243502322659,15588.741378059838,,59041.45726753303,24842.337388939257,,,12366.696925445001,72097.89512547171
11/1989,,,,16377.358439867721,15970.50144772118,,61427.22353022555,23345.781876675603,,,12172.0902237834,73885.3454107418
12/1989,,,,17654.78281574846,15816.957840616966,,65239.72096124534,25118.1357840617,,,11782.709081580299,73105.46300158802
01/1990,,,,16932.72890121556,14648.831209449345,,63159.84906449597,25185.059790384297,,,11466.767967794134,67633.18425111714
02/1990,,,,16269.71528917986,13848.459492735783,,60831.7210536139,25826.91475006156,,,11381.77369065004,63859.57851510989
03/1990,,,,17460.745794382474,13221.54347281383,,62772.42790185281,22724.356101227764,,,11229.743063503967,61036.850563076565
04/1990,,,,17129.24289083155,12888.758410290235,,60323.63148532231,24052.30334762533,,,11101.531357303547,59369.44607056525
05/1990,,,,17306.030384408394,14003.356298158813,,64171.30012148615,25603.59185659826,,,11542.112325847576,64532.83963037877
06/1990,,,,17795.583505644525,14003.615335619792,,66875.36243377338,26667.845173934347,,,11474.335951375459,64488.22911444809
07/1990,,,,17991.282238207743,13718.972344975053,,67591.63473844381,28143.650463292946,,,11279.877254607887,63093.46313607064
08/1990,,,,14983.373781195458,11882.573531193217,,58208.98708539693,23473.03587219867,,,11075.541697912146,54653.87627339092
09/1990,,,,12999.775431319895,10658.782997118156,,51439.34226958088,20509.82507204611,,,11211.775269368907,48953.840829208406
10/1990,,,,13858.556236219361,11298.613515901061,,54141.38822190316,19539.270185512367,,,11245.845995974267,51937.2877574192
11/1990,,,,13441.675795362775,10889.58058882956,,53602.00342675956,18153.440453167845,,,11425.642341240084,50056.308445569186
12/1990,,,,13284.540478928058,11256.109959112151,,53451.246871877294,19144.441340537385,,,11480.887634684454,51690.661555202656
01/1991,,,,13586.29453233617,11701.476679841899,,55387.299789437326,20743.686824769436,,,11608.694794174527,53696.03839975514
02/1991,,,,14641.965512159793,12589.058648240123,,59231.51620444296,23416.594515223493,,,12000.18747286577,57673.20665207074
03/1991,,,,14607.007493592017,13320.208712002508,,60148.14151046673,26535.33093074272,,,12925.218060543868,60905.157113833884
04/1991,,,,15320.573369632755,14148.504439676515,,62688.540229800245,28244.275177422016,,,13165.331333622766,64633.609098975234
05/1991,,,,16166.338301988979,14680.777571500252,,65402.944860796444,30867.908128449577,,,13399.297470103013,66962.41099132189
06/1991,,,,15286.897688431867,14299.854233171409,,62146.65199696361,30875.518511450384,,,13771.539645577614,65151.1265046928
07/1991,,,,15828.230995636995,15000.589941804916,,66539.43312540006,32518.570798228087,,,13576.952677901883,68295.93781870553
08/1991,,,,15753.51498057173,14640.99617737003,,66262.43839029582,32473.225382263,,,13869.518885424477,66560.46510562068
09/1991,,,,15805.15353333204,14599.65963984801,,66366.33300448058,30366.8823062944,,,13757.301574772075,66401.3431823617
10/1991,,,,15480.591519005542,14834.158307210031,,64885.52762876233,31564.328840125392,,,13973.822867742829,67368.85198393356
11/1991,,,,14903.8286195556,13664.87302469626,,60990.636935438175,29932.29190820297,,,13858.457986344081,62003.58083032292
12/1991,,,,15485.32907329975,14213.518422266647,,63668.19988866337,32238.122758726742,,,13689.288392469512,64385.65318801702
01/1992,,,,15698.640951044224,14099.681533101042,,64097.98282893333,36223.65491289199,,,14134.427911749613,63619.82764051358
02/1992,,10000.0,,16402.12835638655,14193.2896011396,,65768.57251824846,38668.3047008547,,,14314.99388246438,63883.08438209058
03/1992,,10067.64061302436,,16402.920221265707,13924.026879011944,,65162.33029332427,41045.35217355977,,,14220.112878399179,62480.97344079285
04/1992,,10269.780740213888,,16540.082162884046,13983.490232707949,,68137.77784439559,40392.63990659473,,,14291.68804515136,62760.410692048805
05/1992,,10122.864970710893,,17053.958643342754,14241.92158597267,,70640.33285484796,39478.46111681542,,,14345.857836365789,63989.90289721302
06/1992,,9686.87752644206,,16456.451213481065,13341.067346938777,,67340.0718968613,34544.526822157444,,,14033.577376958598,60057.13906322282
07/1992,,9602.987256402665,,14971.08647910484,12747.021001096091,,61845.265266398455,33258.98393861892,,,13987.616923866282,57327.541184017624
08/1992,,9169.25525665484,,14596.343803617263,12704.204986110124,,60089.228159039856,30908.605057340268,,,13748.776492876032,57222.52105247569
09/1992,,9491.321882692582,,14562.559520764018,12886.939833843466,,60460.603671434445,31731.27442063839,,,14481.33164936654,57988.96907079799
10/1992,,9920.291927926208,,14325.427140472473,13094.690390162443,,58581.550065621064,34819.05530590558,,,15305.235426451436,58745.71348590757
11/1992,,10930.112146862437,,15091.825419876706,14184.781931413783,,62388.92605191992,36700.489129731475,,,15599.113944034416,63694.45082345413
12/1992,,11057.097711728504,,15121.931717849158,14309.697963142578,,63778.89559549736,37754.88433559651,,,16020.681217192248,64147.674907806024
01/1993,,11367.305059451082,,15773.76951457632,14640.787490729295,,65133.74157914388,38678.38220024722,,,16220.803567904644,65599.61932989054
02/1993,,11809.294458555612,,16917.188674517667,15358.471875000003,,67520.35010337614,40306.83750000001,,,17023.90772388207,68806.64596649997
03/1993,,12117.829643162962,,17590.11416835393,16320.996452215244,,71343.29392575586,41844.765303004584,,,16876.248174606306,73133.88249791604
04/1993,,11422.597380087653,,17150.18544122406,16481.739034188733,,70435.81336003737,41350.5787324752,,,16846.370919998422,73900.18254079277
05/1993,,11757.08239924232,,17114.873633753537,16910.51564066738,,71369.11819576763,42607.485477110225,,,17058.165923353197,75770.08643780075
06/1993,,12135.607846862778,,17299.053559054653,17291.08837760108,,72378.8229585747,45151.18888512943,,,18247.158306034653,77307.02050765016
07/1993,,12599.43598874043,,18200.49303685254,18398.230914381445,,75707.55934628869,48309.35912177057,,,19256.80822512531,82225.0945110299
08/1993,,13177.410406297258,,20296.188859407237,19417.903100844072,,82980.2156554628,52788.82278098624,,,18990.06393811422,86630.80170810358
09/1993,,12556.483718152682,,19372.339149486826,18333.239570002563,,79433.5893204196,52544.05891988738,,,18757.12396889924,81629.71661846779
10/1993,,12966.668179471859,,20305.254799128852,19097.764143288732,,83714.13222506076,57930.634596460935,,,19132.227572325057,84843.95986388587
11/1993,,13187.993101955848,,20031.219419371657,18591.24064882113,,84106.84797888553,62118.89202269101,,,19351.76816513399,82173.80111756883
12/1993,,13341.53504260749,,21475.900291914448,19588.082572871444,,90381.36168465103,72354.82533888544,,,19595.16714686032,86136.48090141873
01/1994,,13982.159821309691,,22561.788629300987,21170.33744612069,,96272.0491605715,74670.19040948276,,,19759.620318111854,93042.30076492438
02/1994,,13550.3438992548,,22018.685077474056,20784.07331603901,,92505.45535715872,73059.72934967351,,,19310.20839089079,91464.51084324381
03/1994,,12691.652797918043,,21582.284625734228,19439.825282522997,,88028.86984524073,65074.81624178711,,,18916.969254450014,85691.7686082059
04/1994,,12891.672761664766,,22850.119058516,20026.383605693198,,91939.83730525758,63958.06541908276,,,18779.30496901764,88576.7385285946
05/1994,,12821.613417789253,,21320.49001587823,19711.498710453918,,86139.62645020639,64725.34054332875,,,18514.504479614796,86876.36177096752
06/1994,,12304.236876536705,,20496.377336151134,19297.24298037889,,83851.14258409844,61919.19834235454,10000.0,,18298.8120140506,85208.77017769286
07/1994,,12316.604873200962,,21169.32360105319,19116.460032786887,,85526.07745713418,63742.243131147545,9701.719379326521,,18394.008761889727,84133.74721971164
08/1994,,12836.310173553278,,21591.440580465747,19820.13485967504,,88340.10118156458,71735.80221565733,10027.978441187342,,18256.107668626908,86747.8287619667
09/1994,,12388.22994067919,,20386.81407253022,19147.316171456405,,83928.01296217271,71773.59483682417,9657.2647256692,,18058.461933141258,83544.41871571059
10/1994,,12424.473496473596,,20739.764486019652,19262.73741041567,,85910.35358738065,69131.97204968946,9800.378708566866,,17882.188104353318,84259.97079491656
11/1994,,12150.00857940921,10000.0,20224.229261271834,18700.186326167768,10000.0,83848.15113678505,66512.037837401,9332.182502528718,,18353.258081067215,81785.19905119868
12/1994,,12582.415013111777,10301.931555335646,20733.436889772565,19149.219099455717,10405.099244598383,86049.38416582726,62421.07793171697,9575.213960437166,,18232.97943718672,84246.46810984582
01/1995,,12644.893742612509,10034.27541966233,20216.345084866512,18376.155359883673,10164.392842717507,83630.82188141733,54639.949511269086,9060.974478344986,,18319.48336424991,81266.12337183833
02/1995,,12993.880712335686,10025.372090124642,20558.286345619927,18369.127133269412,10499.145223713645,84589.4931577885,52655.84582933845,9038.03463763445,,18451.24718790701,81528.84341969769
03/1995,,12857.484286955829,9878.190236522809,20356.520570915956,18464.034249731223,10216.284937797573,85075.4291380667,50931.32967286131,9209.582135685287,,18615.749694123217,82118.7708814733
04/1995,,12982.853312539624,9842.269906598374,20809.573876262268,18769.496339258814,10267.996649593251,86116.39164426742,52198.03594456162,9431.483364171881,,19048.70347712831,83336.1358916521
05/1995,,13710.366892566948,10229.693885574425,21408.097851495222,19269.910738871044,10650.536711029528,89237.39402061989,55824.32987608996,9606.72460255632,,19884.822591467026,85328.47281298498
06/1995,,13911.774039246971,10241.4184375,21406.64226609386,19113.356386529125,10993.70395175971,89327.08487736249,55522.304399271845,9782.380477007047,,19649.573745905196,84571.50239243411
07/1995,,14206.113189136824,10476.962551915436,22362.224819172476,19805.27922632881,11438.663264112753,92891.08218758012,56108.94971137266,10040.99550469657,,19486.38354974938,87752.24032544372
08/1995,,14673.019847872905,10393.548324708427,21843.3965028714,19958.173800880515,12050.395098478413,92003.8699706089,56446.10546072449,10281.197076907638,,19807.2976279749,88375.50408205787
09/1995,,15488.44260880918,10739.911804740672,22328.679644979977,20770.358554329967,12379.943546898225,95999.19734995281,56898.94907298756,10920.270267237005,,19875.873228874767,92097.03443530513
10/1995,,15193.003751486518,10359.587129765116,21664.43847906925,20105.485991528687,11668.038761648057,94059.42574361124,53869.593361571046,10881.140987098403,,20036.192130086438,89217.37093241034
11/1995,,15894.22979652807,10119.366856525432,21808.04935671132,20782.756934475572,12155.934154511075,94932.95147634242,53023.258207918494,11262.549103923571,,20658.523108497455,92495.14614665232
12/1995,,16456.94876457078,10460.206406899257,23013.23135816858,21747.617781262248,12592.647755390042,99492.47126182586,56251.91600156801,11607.472586217205,,20783.587243951533,96687.24930833216
01/1996,,17223.68184932228,10628.099493731155,24023.38486479518,22500.96484684971,12775.384202507541,101358.71302174898,60981.89733375655,12101.342205778752,,21302.30492954967,99611.20517696098
02/1996,,17483.252118797678,11150.188686352756,24464.799190037127,22724.483415802075,13158.67750837989,103798.23732174812,60357.15624900241,12344.762205519568,,20791.04669061057,100773.132381904
03/1996,,17640.28771416542,11362.792140692294,24599.513445050376,23059.588674429735,13540.766152496411,104972.38733269114,60788.45149146594,12485.053139478625,,20778.35773769586,102363.81708397646
04/1996,,18052.988686777917,11574.4476994852,25105.3859278615,23824.066071428573,14267.275748069498,106633.42547131359,63757.96071428572,12717.866750098248,,21208.361289813314,105642.96432969705
05/1996,,18743.208585179567,12000.694664169992,25713.95099202792,24137.996922575916,14924.678016771151,108760.92453488088,64243.23404705691,13132.974788103887,,21079.350357185143,106995.48450504799
06/1996,,18668.803072469545,11916.564837224332,25843.806938663132,24082.159722110027,14440.285069876407,109105.74339761668,64143.07386703287,13313.916637215883,,21057.386430911316,106681.28624976898
07/1996,,17572.862696743352,11530.687782020688,24911.883480073604,22830.45350835322,13238.349002386638,106101.99955782454,58851.26749403342,12596.975407693906,,20930.01341911039,101326.26425399985
08/1996,,17780.882700210288,11627.121553015373,24889.60824053569,22902.49305478912,13812.329958218372,108260.08095805989,59810.475206937335,12641.45925165533,,21035.71851442554,101540.89491783836
09/1996,,18944.463295734695,11624.701954516539,25856.365036982068,23954.05419847328,14420.1869163486,111496.07051562169,60851.492175572515,13327.359570115606,,21564.0466511426,106409.88365052524
10/1996,,19527.520175964382,11930.541580920477,26204.59406081327,24124.658722182343,14398.087142059505,114439.4166919883,59412.83632447954,13484.754045938007,,21647.44247543119,107464.91084963173
11/1996,,20733.968605105485,12141.972885039371,27285.48249308977,25088.199023622048,14848.566160629924,118695.34392100213,59633.02119685039,14090.28044021361,,22138.77925563405,112009.60295487122
12/1996,,20772.9511051641,12770.834428973845,28353.533881817595,25272.049400402415,15484.569646680082,123672.48856040399,61228.555895372236,14256.897172276182,,22041.974187946482,112633.6515287638
01/1997,,22671.04023865503,13353.250289351854,29568.584540082913,26394.930059523813,16305.599122023808,127380.89833442953,67183.88973214287,15315.152865274395,,22735.584323321626,117069.82555107116
02/1997,,23844.209246047823,14077.24784574239,31010.021015925304,27920.459839530668,16885.11352256061,134687.22157084514,73113.50413251661,16038.971812963026,,23177.517069897778,123552.63828839756
03/1997,,23129.89274528737,14593.900783731893,32635.189081175362,27679.5482283121,16436.091103159368,140651.02339882293,72019.34976435678,15864.929363364336,,22695.89927773612,122491.17455064926
04/1997,,24644.072164033743,14292.979812214815,32236.509418919846,28724.002597402603,16566.653450333455,140712.87320944032,72539.08831168832,16917.633070914864,,23240.55728776098,127159.80947713036
05/1997,,26064.431952580464,14767.482977867207,33097.511567065616,30344.692730294813,18170.619839034207,146272.58454465755,74386.72331379581,17738.19831152203,,23585.536961755533,134572.05451778104
06/1997,,27538.11692278689,15167.410796178345,35666.82679340619,32255.834076433122,19537.860744869075,155316.34282389822,79248.1377388535,18937.896790220297,,24161.374669455738,142847.83689100642
07/1997,,30556.423379582393,15571.753031460266,38648.08703744181,34652.37725040916,21160.001296599385,167118.75438326193,82669.0031096563,20941.205895696472,,25167.136993329914,153560.5123052454
08/1997,,29667.345651145628,16069.570954830266,36696.35572772302,33140.15501730104,22281.404588048263,162064.4311265704,74207.37301038062,19778.010850080784,,24730.779097762166,147350.23775778493
09/1997,,30471.42290547583,16542.756765321923,39304.3239922555,33992.02500682998,23356.18699389855,173117.74885256423,74263.34255532283,20796.925468081638,,24850.199313257293,151256.61383903434
10/1997,,28919.151153973286,16173.395541845495,36193.47170260411,31387.780847639486,22133.428234978543,161617.08419533912,60950.89200643776,19371.88923420158,,24603.69222875636,140670.86794401563
11/1997,,29635.18627072745,15555.686016288646,36148.02190119117,31212.128785357738,21663.59167702952,160723.39824711316,57518.353078203,19345.57211973168,,24679.194458696766,140190.50158933987
12/1997,,30957.447132087967,16021.686934076804,38476.22615404852,32475.109973918516,22576.479294900622,171092.28914895593,60493.72218724704,20393.12300481488,,25114.24991119706,145703.51622969736
01/1998,,32019.795525622503,16869.51097249057,41026.2611531019,33953.444714325145,22786.47793725274,182313.5248376896,57031.481369031186,21462.959899371563,,25851.639894225835,153183.99090702526
02/1998,,34253.596854553405,18098.369389516207,44255.370507630054,36196.27155053704,24435.5204333058,196134.29666105588,62845.41200771138,22823.518891656513,,25846.00584125982,163160.93670644032
03/1998,,36140.37048391496,19889.520434902795,48543.22114188418,37879.80088454805,25613.05125587396,210876.65944594884,65814.32496084031,24442.908065103336,,25911.236531554645,170652.24659611567
04/1998,,36256.75987750477,20425.411994142953,49843.91415873783,37975.89658643726,25719.427511668346,213510.76431165665,64656.53191177816,24837.692755033157,,25692.56423412401,171127.45656904118
05/1998,,35090.85666363194,20971.220120764243,51506.92654362728,36687.93287671234,24188.34860310022,214517.924368949,54946.140410958906,24473.49070809228,,25671.379800292063,166383.9192603877
06/1998,,36781.39527653441,20315.83673747277,52585.17985365404,37620.14901960785,24126.58167392884,218443.1866592716,49539.67483660131,25582.645639051105,,25880.283774716816,171544.1731362358
07/1998,,36475.82309109218,20108.85341401274,54472.010157522316,37721.470373066426,22408.570884440403,223285.73372051172,51231.31370336669,26677.04881790596,,25666.36736788096,171648.62106685134
08/1998,,31075.010653770016,17739.045696420486,46435.26911536459,32304.33754417762,18355.95155052107,194404.40258309402,36269.79267784323,22485.59625494046,,26148.547578639933,148126.53873703408
09/1998,,31523.09874302614,16068.197567170628,42587.38879541604,31409.90638444924,18361.39107732182,177924.91096089754,36771.157477321816,21325.95895684753,,26140.821723171648,143689.37233193914
10/1998,,32828.01582744618,15858.548874282387,44238.097579942594,33012.210866128626,18386.28764456278,185068.22947182995,39141.80467592978,22048.353450734186,,26672.632908394837,150867.1850068795
11/1998,10000.0,35825.132058569456,16667.473973118744,48243.97785180169,36029.613628970124,19858.728679051455,200554.66470255362,43623.9635647633,24306.480980407257,,26919.00185499467,164439.90400391107
12/1998,10508.74662318815,37647.83637751166,16739.571619598504,50652.108619009996,37462.341374617215,20527.472374957473,207988.02342530404,42717.47567199729,26468.807905757207,10000.0,27145.31120495718,171348.4422189138
01/1999,11111.950876407604,40503.79747793662,16963.640948699933,51976.474034251,39477.1675509487,21249.486284258608,213401.6700022833,43401.64158468025,28625.866048904783,9936.701170063245,27810.218257883727,180796.5567947065
02/1999,11049.666744212876,40548.64519376217,17456.6277999637,51121.76384885597,39763.39762207298,20141.767830822297,214894.58847238123,45279.56770738791,28475.193109911204,10086.814449083318,27845.660496507084,181806.60648649192
03/1999,11713.568401078379,43254.45603859343,18201.195596723144,52570.38166446091,42619.548426736175,20668.174012288215,222821.28663107206,52563.693502141134,30125.965795837765,10487.306313163283,28386.51971425189,194214.83370828498
04/1999,12244.01422028744,45544.28192582365,19352.261075776165,54743.16078781297,45069.232480890816,23010.864152118527,232600.34921988426,59875.14088893083,30355.692377191674,11527.732582051523,28954.503295575643,204605.64254084107
05/1999,11854.36021919361,45068.479716740316,19402.04383320582,52986.419616286614,44062.93198163733,23836.269573450656,224414.974656307,60329.542482785,29786.610293900347,11981.551947207343,28878.813592769464,199759.49364811042
06/1999,12615.925776652812,48159.2150726635,19826.231915182034,55102.692328071236,46829.96926800929,25143.397703330756,231031.03936090216,68009.00141363284,32384.92415120159,12479.100996901627,28691.991948533767,211639.39614297912
07/1999,11965.236346069614,45058.68401518935,19779.42360201983,53047.81606754342,45042.394595100064,23816.686985225366,225196.39610768066,63897.13858238265,31172.03969203974,11690.504327286328,28323.893910091963,203755.3449302743
08/1999,12131.259556163212,45348.878836475225,20267.905114915353,54813.112440662924,45503.17601437624,23086.808347678052,230087.54409579263,65216.391771493436,31410.955294141702,11611.826942211292,28832.537395903222,205692.81389361134
09/1999,11796.059708203507,43725.214314506455,19920.051561181437,54070.0688128223,44624.304303797464,22492.20761744023,226344.3154891073,62465.79172995781,31307.376492818836,10939.995812845755,29042.91155227533,201913.42143311736
10/1999,12683.757763010415,47435.09575610408,19991.674943078546,57454.40634712328,47835.21903759687,22568.12570171243,239432.39889399396,65089.716138907505,34091.080739352554,11131.295629580025,29412.53897462209,216688.52871432208
11/1999,13464.783233491451,50105.836321337396,20622.2630523918,61639.87571620181,51060.52548281668,24167.05804100228,254559.12621378904,73426.66160245618,37900.86452136613,11358.8551450926,30381.971030508743,230610.35476050669
12/1999,14627.408407885907,53326.22866810132,21912.646816643442,70398.56549623674,55595.095819231545,25442.082122237713,282075.07193502854,83185.24963169421,45012.98476929513,11570.301774636671,30443.738406283304,250512.9941823113
01/2000,13819.21461670894,51966.058739469096,22279.08937187213,67831.17903342986,53965.93034419364,25163.87053824942,268807.9064112896,85860.44655295678,43287.77320842784,11242.627450924318,30525.624580652802,242288.2800773727
02/2000,13697.126845276998,51386.4792620835,23036.046781964178,74591.82326386315,54578.418900555895,25965.948591723285,285067.84480037587,87683.98721432983,47242.14646566368,10651.560469425569,30797.62797489837,244838.15944074246
03/2000,15024.175733296854,57364.30157278598,23372.132440071182,75639.47962786468,59146.621312676645,27530.7834585994,296872.4672042245,89596.89006594787,49793.5867044045,11919.305398094837,31946.974779966058,266141.69568614085
04/2000,15171.938512027964,58504.58645314556,23262.547949367094,75640.74313049161,59403.7398789213,28006.005417721517,298385.30461533973,85281.69219592735,48604.927241426645,12572.134258227847,32450.191419662944,267986.7222498553
05/2000,14685.124127689125,55961.415853050115,22796.81053853596,73723.95101705915,56506.23772976458,26590.825516500056,289010.43095136713,79840.17020316028,43868.7233600822,12833.086160593357,32135.24687216324,255050.10827660756
06/2000,14903.040826007267,55822.916650745196,23067.914840937632,73821.4593131742,56874.80399748849,26590.07630598577,287398.5197554363,80464.26473419841,45101.01616382506,12110.811974466302,31843.400955124915,256627.43990774656
07/2000,15256.22273793823,56810.97274556171,23592.798809910204,74046.63413810577,57073.7429406037,27932.373863464247,292383.80081749737,78910.68899707886,44739.34397405828,12460.708796711024,32385.503413979553,257817.00818750222
08/2000,15983.81192209228,62622.98638003693,24490.974819223,74977.89350088903,61074.8023804177,30676.196386705597,299876.26850423316,82299.30855602966,49258.40385686953,13826.242688075454,33497.562852744995,276243.31135921984
09/2000,15746.055129060564,60271.12342589393,24379.448209925846,72386.19352184744,58648.871808328586,30643.02159954365,290434.59507620416,76321.59402167713,44534.70311339283,13802.320580034226,33681.56253700123,265729.3168800189
10/2000,16495.544605828916,62497.69018405656,24294.173957467032,74433.49115645644,59878.812189616256,31258.661618153743,300149.2047833565,73714.7742663657,43698.075186123606,14614.677342996314,34623.02166791649,272045.5854659542
11/2000,15413.556582803818,55800.329892595204,23613.393684937822,69558.32740201613,54442.217549516354,29069.267544910188,279655.53329559043,65201.323307231694,40828.576005577044,13924.67875909719,34381.57635079133,247639.2554301198
12/2000,14872.92721530766,52331.1923380711,23614.85809779688,69374.58340912405,51657.55815153143,29630.55034067706,278982.40342565795,62319.01212251478,39349.453648666895,13493.313177001612,33019.23076923077,234819.99849870175
01/2001,14815.185273477162,54257.826812403066,24517.630287313033,69848.94749870736,53032.01121274078,32789.95487571291,279470.5739516974,70991.89482406112,37653.565074450664,13565.210828365434,33292.724079409556,239650.89705787727
02/2001,13639.321960106792,49550.44723592158,24296.0439316609,63272.49286673563,48806.29191176471,31647.909919982703,256176.7126369687,65751.54134948098,36008.58421204268,13297.077107698962,33656.539842917475,220438.45204394544
03/2001,13332.265011677198,48597.43887988293,23469.507447916665,61234.38345425759,47664.976019021735,31914.776458333334,248235.0565897946,62086.2664402174,35545.24462014487,13310.340996829711,34002.002999565855,215621.61521839644
04/2001,14262.220423974135,52114.341644761254,24466.559810725554,65858.40561271877,50883.307908968,33767.274209103205,264557.4706336581,64831.07818837314,37032.51757141456,14017.022102748986,33781.88025417374,230368.32081145383
05/2001,14700.668580606743,54913.45060687364,25532.931849056607,64456.262439545586,52665.70924528302,37003.031577830196,263411.84553669364,68668.54259433963,38697.49489582069,15118.189659905658,35229.39771875123,237984.00999649247
06/2001,14319.833329937555,53576.9345142049,24475.042400943403,61948.66988459886,51052.1750235849,38016.07986792453,253454.1200009645,67258.99443396226,38059.626777399026,14887.813649528302,34948.22788806883,230494.19397394793
07/2001,14012.337764682743,51383.19784166333,23726.731591090807,60276.44896619909,48669.26412335809,36337.87990177043,246103.44707398312,61029.714448886356,36361.108277796186,14457.673819760137,34666.85085053479,220270.13823347216
08/2001,12727.987268606767,46046.94120833865,22954.05374535925,55460.51229373976,44389.31452282158,34275.23685739245,229148.08288003854,57768.59128630706,34246.55096163163,13651.579904345925,34647.847022141534,200438.54740649572
09/2001,11926.611000109362,42453.6971741988,19840.084836272043,48608.7476254274,40453.858219253096,29770.575566750627,206890.26645717554,48971.57590625343,31405.70310620535,12775.537844704852,34813.16848877136,183290.37078367948
10/2001,12261.921044818791,43689.083876814,20767.641926564924,51259.71170147209,41720.13443928334,31324.55793408538,215568.88235613276,52522.63676177836,30912.32580307573,13072.789013934971,35477.976871768566,188628.8805784944
11/2001,13227.872200836526,47801.58370330424,22250.462879298724,54677.420126955694,45002.61847606203,34392.65550011239,227850.70507764618,58944.9145650708,32071.16543576802,13877.15074938188,35186.56510241939,202992.3216175121
12/2001,13584.391434034666,48685.43039070807,22885.5957608079,56759.37203880638,45862.52985362533,39245.95294224442,235941.0424603081,64237.320980369914,32877.204850389324,14519.853874957447,34473.09271026562,206217.79621333533
01/2002,13683.853238017371,48952.563787732965,23067.760657635758,54677.35425432012,45514.842514762066,40295.25692717379,228169.11311923654,67767.53956234803,33268.73115823898,15024.47289105013,34994.99743458184,204023.79102882624
02/2002,13677.620860295889,47930.80202261471,23432.116428158595,54300.95938031418,45107.39244018032,40282.79819674027,227761.4693021674,68769.39241706161,33126.62168493625,15163.435356837359,35009.570983147176,201902.08766946686
03/2002,13959.696742298158,49317.29080225841,24633.39440623568,57007.687861650214,46749.88679504814,43675.638613021554,238095.3781266986,72295.91079779918,34222.40380614274,15553.425168271433,34617.08173816948,209031.991104872
04/2002,12882.801416690409,44866.704724781695,24945.68454040853,54322.996057292316,43842.00812611012,43377.95812611013,228828.84516469177,70471.03627886323,33075.84788670729,14866.350747335699,34713.99534277934,195560.78373383282
05/2002,12233.069065055292,42738.01602758493,24664.504830084163,51965.32509214231,42131.33595397891,40333.79580909769,218917.4837676007,66548.28513902206,32097.933408847384,14225.348614040693,34427.35919801082,187977.92151641383
06/2002,11025.690147129913,37353.963199114856,22259.480056140354,47479.16144658816,37228.258285714284,35538.065974937344,198860.8847301147,57927.15771428571,29031.562110758947,12546.126947368419,34141.80842246517,166133.49618426024
07/2002,10301.434324953056,35118.00017480017,20290.602633139122,41551.30398809772,34775.540938362465,31241.14361238884,180202.55455196078,54571.813983440676,27707.8887365787,11768.420527036698,34730.66069384694,155100.92639628492
08/2002,10290.933895167413,35168.81888420959,19887.042790603075,41693.279012324674,34688.14908979966,31128.40588426727,179253.4290421378,55130.928668768436,27684.866134547712,11976.819835655446,35325.95611161542,154575.76544394187
09/2002,9193.81496044735,31260.85114589375,17438.191271805274,34555.050587960846,30798.88630831643,28328.039154158214,155246.33741785656,49048.11036511156,26288.926490913916,10855.117212576064,35437.147255002565,137180.24601685806
10/2002,10056.645269966293,33998.5276720812,18109.958667883213,39001.12591124028,33053.44361313868,28948.636804541766,170182.59552830493,52209.552189781025,26128.46029954416,11138.09014760746,35220.5667600742,147228.5159221501
11/2002,10451.68073720405,35771.1860814394,19064.909866021964,41298.12527466542,34640.24533091568,31193.025385312783,177406.04557206124,55449.17280145058,25760.58065973208,11553.7558251234,35105.2413466472,154159.50777591695
12/2002,9429.937552580826,31871.7564331781,17804.129369695816,37234.784272049896,31227.15676551922,28303.30376847526,161843.18207792295,50744.265490607424,23539.711810971923,10651.124329169448,34952.08588230651,138837.42258378377
01/2003,8798.158961943574,30092.762584412492,16911.37739644971,34920.16291463486,29393.641531065092,26819.535275517756,149496.6672694102,48986.51671597634,22189.578356112062,10162.940266272191,34635.27647314205,130512.02798075438
02/2003,8616.817602913105,29734.721179181033,16088.11658133927,33575.30050106712,28969.58547579299,25982.243952884437,145073.86059711676,47814.67996661102,22153.095785388065,10060.358914858094,34980.85803370565,128632.22827951952
03/2003,8544.204769754258,29712.01877670033,15779.183966957322,32199.451979436526,28560.757448370816,26076.691612666364,141427.2788568659,45977.05173015145,21973.865905158178,10003.803538136759,34657.08252752891,126877.89942167643
04/2003,9115.836149147408,31477.568592699277,17748.802700565986,36633.56243039067,30451.678770999904,28930.847774683323,157098.92664427642,49010.689300152735,22940.91037452317,10321.142759500495,34293.296364999806,135193.15131186054
05/2003,9003.372591943833,31199.219521645788,18836.69883268483,36883.15203879683,30340.271663001186,30063.92147859923,157510.51874469256,49457.958839451865,22581.49112887431,10422.614830316359,33951.45439475865,134538.24963147243
06/2003,9355.270965791957,32689.452164639675,19953.61914413232,38676.65930850759,31991.90769230769,31801.74309442549,164526.42205806353,54083.862641113155,23576.02977374747,10898.893259823224,34216.32395311205,141580.25720835966
07/2003,9549.0061125031,33586.183615988906,21201.041770630858,40025.588144096444,33016.788178123345,33279.33618837251,169485.43526519657,58024.482081639864,24134.33302951679,11136.507203392825,33867.66389075266,145829.8071008977
08/2003,10065.882567842335,35466.4482883288,22792.914794545624,41462.97917454384,35010.017626063884,36034.997267319486,175218.57759627298,64134.71509105884,25341.08724814183,11732.86455349135,34534.83048506137,154292.87047870408
09/2003,9395.010194572358,32906.48448411636,22287.92943529008,38987.417019567634,33041.361997940265,33414.34520425677,167658.85992649064,60585.09747682801,24020.353761664424,10960.489479231033,34411.07865966768,145563.41564566983
10/2003,9952.589629083295,34857.75252587352,24163.28537945277,41993.212140842974,35136.2448631905,36195.2169987954,179336.37551890573,65910.44186886938,25471.816355946896,11537.369959731544,34305.61037218297,154584.90479503947
11/2003,9761.41434136848,34073.79337908959,24192.593721860932,42807.64077018883,34568.0819909955,36453.33561614141,181170.19220475433,64651.031015507746,24966.330265978286,11419.208340837084,33829.92264277539,152054.36205555347
12/2003,9785.254721721665,34054.96312638137,24309.32553444181,44258.613154339946,34908.90940617578,36089.94177830563,186176.47995315952,65846.38646080761,24512.77771699472,11352.489960095014,33426.20475983739,153445.46800453623
01/2004,10061.326262512981,35368.9371868021,26187.87636950905,45917.809175943046,36212.47005813954,37930.45664890181,192094.59593105994,69539.37034883721,25282.382695046734,11900.094537467698,34033.60697793741,159004.63811456435
02/2004,10209.126423105336,35762.36096595449,27482.964894507975,46667.00389937596,36779.750781124174,38641.746021903695,197179.56211709836,72548.0375261717,25709.195757839316,12037.877033338702,34081.96511031299,161224.57529357896
03/2004,10234.742219569023,35781.8429197264,27438.413710732988,45545.87276542379,37164.49986910995,39629.26352912305,194066.5092177184,74646.38491492148,27120.440275245975,12288.638932264397,34952.84564076252,162696.47419695088
04/2004,10382.177488115645,36036.72876253276,27525.257142378843,45964.06281757626,37153.31756926425,38768.486697915796,196919.13901666773,70132.73225077425,26819.96874759947,12526.02931614631,34298.34826538264,163059.18826933578
05/2004,10249.191428071163,35779.54821204492,26996.572279062144,45628.22425223108,36695.77009345794,38613.80854730284,195999.34323717735,67336.74953271028,26540.17475416076,12493.872597147074,33926.38236571023,161158.9590920125
06/2004,10463.027347112324,36604.31563658814,27981.90494282189,46881.153512721605,37569.835310571776,40303.51777375566,199323.6235091645,67883.63486631017,27468.98384368611,12778.387064747014,34121.43308205391,165049.18716034506
07/2004,10319.416001167814,35733.84719008805,27266.71901486835,45508.34568409373,36728.55295290306,38955.03557936706,195706.06013424683,67325.81774233741,26579.03580058262,12491.08933133981,34303.05482101275,161198.73073141734
08/2004,10347.00020807781,35665.09118452032,27130.089508711088,45118.82558976258,36747.27451077532,38754.95727025019,194659.96755211038,69727.0819915779,26759.819862627635,12547.696856081246,34789.39890279039,160944.69461268224
09/2004,10315.698212475565,35185.59785756319,27813.219990329606,46011.53909859922,36620.42514304134,39042.25852687566,197604.59281740047,71983.09836409059,26964.644664333453,12480.563329841243,34514.29727276315,160051.1963643907
10/2004,10153.44761929963,34803.20460244127,27969.087141399075,47150.2940184938,36557.81034780561,38697.1615278323,199464.9180779382,71809.48786998508,26746.36416587179,12408.484304938367,34693.25492362947,159745.26147159204
11/2004,10189.184119427338,34691.58037743318,29432.715426852206,48547.49172852158,36947.30053403536,40182.00317713426,205111.94074710886,75167.80571643476,27504.091116368803,12528.115864610756,34394.45277657181,161080.06216990584
12/2004,10380.101424153061,35013.53909496121,30538.952056383525,49825.57755905196,37468.6974524631,40710.26922546069,208680.96041803827,76900.85052492475,27469.913987765533,12702.62512297188,34197.99108023839,163226.59221661455
01/2005,10625.328632662377,35695.78063745927,32476.021032604527,50932.57258828528,38330.9900575374,41271.917790563864,214020.68236532554,80612.33855005752,28356.83754890129,13088.988804909855,35162.59817657971,166724.43460941807
02/2005,10852.039458930489,35836.63425760494,33797.54106811496,52434.92358825688,39012.34786150713,41552.7731236328,220963.81264229017,86222.35342837745,30116.73979186477,13170.762815418266,34566.41472944705,169125.54604054993
03/2005,10894.867652848878,35997.64030669475,33489.47122647331,52322.416504707326,39031.011169392164,41823.757294045055,220267.85872276084,82362.27398950941,30121.110314369045,13309.035248688675,34841.45715751668,169590.79123984624
04/2005,10621.813003480374,35334.00799078862,32131.850486995445,50267.97792138122,38216.79884232461,40010.021120629775,214800.8352025053,80210.3630470016,28870.58952268053,13110.903270510145,35611.12207443659,165985.1581740583
05/2005,11409.304174456807,38309.13378905602,34131.68858324548,53401.0074285015,40936.83420647149,44813.15698807883,226506.51072655304,87249.7969183359,31229.358063100222,14077.997337117831,36474.36555235426,177510.4633793688
06/2005,11784.329334937556,39121.76925726601,35554.701710221634,55357.31984792446,42186.4183923255,47224.86138604036,234164.9552491616,92045.60621898777,33207.977207111726,14521.857608666885,36869.85436318428,182585.29855443374
07/2005,12166.694147948123,40573.29403006217,37223.86320185232,57991.22282971798,43753.98055073183,49819.43485156703,242673.5859933133,98550.41513272139,34654.86066051507,14931.098937567187,36388.70031969057,188947.67694748842
08/2005,11986.342917733024,39857.03367604118,38000.25170027874,57677.74220969144,43726.94579439252,48494.29233972782,244171.7395872945,98581.58971962618,35439.61682328996,14668.45888801443,36582.00457828472,188732.71971307648
09/2005,12327.275511739195,40700.36459084229,39360.541066268066,59988.34239686697,45638.46576980568,48872.42931738914,253336.20025210743,109170.12047832587,37660.38866330223,14923.300895200133,36595.51249161305,196143.2727553623
10/2005,12129.167468297484,40085.10096429411,37472.687578807294,57726.4177510936,44487.91923812693,47131.694272644105,245746.47152015666,102198.7053979872,36168.18304354242,14588.627902520171,36169.9885542882,191687.066451716
11/2005,12794.156293614944,42499.05403968774,39492.85797943751,60336.665816551,47126.33882232984,50054.47545076047,255283.48244026603,113048.74366556207,38214.8712602558,15331.084605998805,36295.1710936575,202348.84286781892
12/2005,12859.874637279105,42412.94280776664,41540.211329999154,62592.64322941419,48182.38169026024,49912.51196575401,263638.12365439266,119461.28997202682,40537.55949946694,15382.865015173347,36682.08548762679,206340.89233732974
01/2006,12942.457200068173,42382.686507133825,44129.32124938109,65291.59208648573,49225.50103977554,51605.24724707049,273423.2072739727,129357.54603069813,42451.00490027665,15279.185306486219,36086.29672021155,209844.7516178599
02/2006,13256.337302803026,43367.33849599113,46355.90081852633,67266.98271109998,50179.42368000001,52385.003368421065,279250.444483043,131878.22976000002,42297.856556665436,15756.33563991579,36559.56703635001,213820.04232276426
03/2006,13285.171284799675,43076.4616225624,47921.45348149373,68890.3287519192,50286.79109385328,53091.26856245871,284609.67971105705,130542.9879378718,42942.65346598172,15605.43732055519,35604.13624343845,214387.43005597586
04/2006,13232.89383009929,42147.13024399904,49015.65744755523,69326.93519340108,50190.5664034458,51680.86919518227,288815.5388498499,135028.48528356064,42899.55264257507,15320.066248065725,35014.15913486206,213267.13908941075
05/2006,12476.081854351538,39881.14407726758,45895.750658999066,65573.85217142676,47013.03212620454,48490.338441094194,273615.9619084221,117799.22098228162,39309.886748898585,14679.145661796705,34970.97130678455,200683.72658873347
06/2006,12657.778017805884,40422.10683249335,46054.494025013766,66418.7909778832,47585.03206166915,48943.087670888075,277852.916192005,118982.63663966018,39551.95972028458,15141.857461181466,34770.700951178114,203070.9552614915
07/2006,12611.841737324836,40499.425838835356,45758.32896373464,66702.98765156513,47718.87130884311,47529.49643299131,280895.74763185746,120221.72211169421,39207.31097933885,15270.276043236468,35110.40178395232,203474.00851319218
08/2006,12872.183341503693,41192.00690684879,47191.43758462378,68803.5703864939,48659.95214380204,48167.26098824995,287867.1237828568,122538.69314450238,39072.81621340731,15402.169459808574,35328.156451039984,207391.08851789072
09/2006,13218.225859948383,42891.01199974342,48886.92748025277,70975.83979435563,49983.200047393366,49508.9115750395,294711.8745694035,125433.02488151658,39411.24224461512,15920.293707740913,35599.23234794964,213030.14670468692
10/2006,13749.459836959859,44163.07428539298,51697.81373188406,73513.89910537525,51720.633601134214,51708.75891304348,306479.8346864962,131024.81441398867,41700.39821328572,16397.231020793948,35659.70714764968,220222.71159759248
11/2006,13562.908475747317,43284.58200000344,53100.57432272728,73671.33398631771,51176.706409090904,51440.724087878785,305258.20180964284,135407.57809090908,41631.76204885103,16069.996009696964,35272.26980305482,217001.14334248388
12/2006,13849.886423585787,43991.744199089844,55873.49570994686,76416.47731693959,52450.87804100229,51881.269365224,315777.93087579426,141840.00232346242,43115.392153977045,16301.190055884585,34794.115325413426,221917.35707023778
01/2007,14206.477154797787,45401.68451648072,57830.14786629612,78197.87435114836,53867.51338582678,54259.37865524163,322940.0023996374,142748.52950440018,44562.15874317494,16905.643470742623,34833.57343016142,228281.15957962608
02/2007,13820.767825592397,43647.72922721974,57383.33615169178,76724.91969242507,52562.13558398305,53402.92822647794,315518.3362534028,139160.76301566878,43591.23413168448,16436.76472424495,35062.300193393065,222675.51970863878
03/2007,13961.084338429473,43781.32759303147,60113.00906892927,78991.00803809623,53207.51411623367,53505.15555939331,324326.4127953834,143572.4474245382,44600.506035892344,16444.44515663012,34863.707226585626,224929.89195155498
04/2007,14369.38300958528,44756.14983862263,62048.1564954061,82985.70128986471,54426.15148842337,53921.08974200662,337982.69193546847,147231.63850055126,45295.137829066625,16598.569021683204,34369.15380668587,229895.50613904087
05/2007,14954.287180794056,46841.245434246324,63588.461899947986,86091.86211978515,56728.635427042296,57005.80295101465,347822.1420137547,156166.989950197,47302.51955371038,17333.598502936147,34148.537711647,239007.354577944
06/2007,14866.383439223124,45885.70043928856,62328.41065827472,85425.68724836363,56364.31726027397,55517.533827471314,346414.7415487667,162924.021369863,46822.19591508054,16933.62879200296,33817.97371433082,236250.6324641869
07/2007,14367.546899457755,43807.76977990219,60969.163411395646,82203.41942859432,54698.477478660534,50845.94589479829,334041.64220641216,169075.88509520682,45934.00397116323,16011.725175165971,34364.10190630303,227613.9840173674
08/2007,14477.063363300413,44470.94492113012,58314.152103611836,81367.90814721669,54578.30394746443,50931.140221816866,330401.5370731956,165562.23992703395,45382.18389369371,16323.287918861726,35078.0775150965,227474.54202017735
09/2007,14887.241143260604,44591.84451960796,56639.53053388815,83231.90469338154,55602.36675364977,49643.049791945836,335524.2019433482,177713.77910995134,47385.8661248784,16127.564652796387,34438.88384575917,230326.1084365129
10/2007,15172.934552304749,44460.79289900342,58745.05751782377,85672.20004961327,56710.88883505226,49416.558697307395,344646.0254420172,193881.75536789643,48622.58691207098,15849.477119955698,34390.14090065911,232986.8598496981
11/2007,14347.204673525714,41695.80265895543,52740.593405595835,82204.88206044388,53073.16145247612,45067.27992954407,326517.68502777116,176314.51457218346,45553.90644930742,14977.107364541698,34846.55839286419,218709.7902575639
12/2007,14224.03140931226,41519.03485584231,51226.45191087563,81729.93440117652,52642.30760138577,44564.78321988996,321669.36873719917,177428.40354595476,46068.69985361461,14825.885223558182,34802.90681611872,216474.7392212931
01/2008,12935.502958851635,38637.59140019671,45328.250399462006,71356.91351270015,47858.41513113651,42719.89108540686,285219.3226303825,153781.84095494283,40787.789878921874,14114.11603819771,35643.24900343371,197928.52228856197
02/2008,12614.755733959104,36650.3962662339,46142.90462451374,70908.2175846403,47075.93357948177,40031.24839058483,284124.36663600703,161954.0131865234,40731.85181686167,13441.091258653656,35609.10920787781,192929.54215943883
03/2008,11936.641005572219,35003.557924308334,44587.27364153808,69107.24471573817,44513.237971161136,38035.001175056925,273668.5356548583,147140.76321780926,38549.61534720882,12898.608554009612,35213.472392153766,183285.78465006943
04/2008,12717.800585625262,37350.86346932208,46060.765792792794,73271.88555201585,47852.23285714285,40563.94674388675,291060.0858088972,161890.42285714287,41837.21608343918,13567.474777606174,34659.707147649686,196295.5840930236
05/2008,12977.582017050616,37912.726089604024,46295.69166623679,73955.1067539312,48754.86325767346,42200.09554810421,292950.50199385645,165281.16588857365,43129.26055201554,13777.339890895022,34206.59509807791,199699.986475483
06/2008,11954.791475547081,34152.75707528149,40528.50003171785,65128.5520561329,44040.63996447602,36512.421154529315,263110.93217147305,146398.52808931743,41700.89607585526,12287.202063943161,33894.00876188972,180788.14015367982
07/2008,11726.322073489091,34197.57130100922,38836.335225161754,64135.27226985207,43331.37809237076,37788.4886400615,258053.63895773905,142373.9953494331,38654.55916172066,12648.466480814808,34281.13036271066,178099.26392086275
08/2008,12317.466031922642,36754.69903194867,40447.36868951476,64889.03221933776,44938.05959959281,42085.70812351544,262629.3298294094,138839.24143875128,39951.98793592412,13660.800705259584,35623.52488455618,186036.88089184448
09/2008,11365.558560241776,34490.77914007785,33327.95840033559,56531.1120124454,40527.74602530938,39430.4262364539,229748.7132559172,118016.88560441865,34284.16713324827,13630.911450464935,36905.49394166634,168860.6874779441
10/2008,10410.661870962325,32176.016678467044,26482.949839303914,48206.40515000564,36446.53545504429,34513.85722505291,202867.26681071564,96125.56494473622,33194.36988738528,12866.220900211649,40093.99297470103,153428.49461673645
11/2008,9940.825011882955,29937.632523942746,24409.768907048012,45150.31650631695,34155.55907912313,31406.868737330093,189401.10231869525,89105.85484403236,30961.11102859977,12133.978446452422,41571.407427872284,143835.52119359814
12/2008,9341.947732644861,27669.058512370844,23823.05750377237,45327.96766425687,32382.492519939646,30694.64191851693,182299.0920928209,87864.60426816126,29139.019842885424,11182.299259610549,40656.89505466314,135756.74134553608
01/2009,9338.849813539578,27513.586913296454,24519.279895443196,42295.460510242934,32170.840028089886,29541.467077091133,176068.01895264108,89290.08370786518,28866.49482749359,11126.512798377029,42211.696333425425,134504.58639078785
02/2009,8550.977633704924,24918.440302419593,22874.11800221449,37859.20131431437,29435.862100601073,25656.33028313825,160331.79300387847,85414.29984182221,26225.872297395534,10174.07604428978,41347.03200852508,122379.23275141063
03/2009,8762.105907113179,25749.01280723464,24001.88722422603,39099.77303155123,30286.209873760145,27760.652442140068,162888.9811440356,92826.04706943191,26269.78292289485,10231.331250976857,40553.05482101275,125041.15590260184
04/2009,9629.906665793971,28283.563679200095,32282.89446026366,45333.89504917138,33973.34481355932,35826.42588775895,186061.99963570398,108556.64040677967,27450.53001119352,10665.585171525425,40628.98133164937,139413.89690350948
05/2009,9882.18477606446,28122.048075638548,34703.1542133636,47696.1978467725,35215.5129380054,36912.27044261598,196452.4677576924,119744.91509433962,27225.587912882078,10326.320969215492,39300.10459012511,143169.64672565472
06/2009,9911.233451161177,28106.109272677026,34151.373277203915,46304.02699267069,34942.99947643979,36728.42905759163,192114.84317050732,117854.7219895288,26891.783065074087,10451.63545238432,39703.072581600034,142160.73322388367
07/2009,10661.822741686889,30223.317850870575,37876.86826425238,51249.88537832986,38020.445763191405,40927.49950488047,212232.16640699946,131154.35118121374,29085.909032666892,10894.456825293535,39957.976477088836,154157.68848690137
08/2009,10838.163382831952,31020.472649206655,42873.17891115471,54252.37824904241,39026.22338845292,43644.741855381166,223498.7168114567,129492.74777186097,29369.33344902768,11020.764010650224,40258.79149070529,159010.34673271034
09/2009,10956.789865992396,31362.811136994373,45335.8583268456,56201.78215298429,39794.72575291948,45542.1254619955,227945.18967313686,137688.79360786724,29893.49750540132,10978.53765731066,40438.43983107708,161158.92398061135
10/2009,10832.289166047478,30453.688672134493,42264.56751351352,53657.74242044601,38772.1125,41828.41745675675,222907.87438320482,136409.265,29201.57244331268,10773.86722108108,40095.34475273315,156612.5521714438
11/2009,11153.767504316695,31801.20243830518,41493.48223923318,54637.37161525635,39784.58704652866,42758.39282966119,225973.88214963762,140163.74973041337,29983.718404852756,11127.37757758104,40649.53427793345,160592.44059568894
12/2009,11858.33141480517,33803.79860101283,43355.151257809244,57545.046951225435,42359.893044564764,48056.987805081226,239209.04760504627,151957.1831320283,32149.2860858763,11842.111924753573,40386.40131033667,170477.80059489416
01/2010,11728.251401326645,33614.46247457967,44314.92132034942,54807.41449157067,41814.647386510085,48350.231038235725,232166.34710474094,148028.0612917084,31000.02211438051,11934.906521838751,41740.231676994124,168580.70975258332
02/2010,12235.975786352383,35667.01017282256,43280.932813559324,54368.596475452236,43599.04461311717,52233.43518644068,234187.29893233124,152915.99014001474,32784.5967086319,12553.735997052323,42617.10147215535,175946.02834225827
03/2010,13000.786924582915,38074.736889437816,47766.51340455523,58534.84049326877,46738.78210549744,56877.73958157133,251048.01302206426,166389.2569330069,35364.172510460536,13129.65009362712,42226.3389509413,188103.8675760578
04/2010,13139.15826735301,39152.16630708816,49305.67366128428,56793.06904673707,47418.71481787458,61178.89606909501,247264.1859894596,170516.9978820879,36259.31115273618,13420.59309350357,42816.888345107945,190447.44751449462
05/2010,12857.657561602326,38976.52744228423,44834.45972210938,53373.46846281277,46483.888583732834,60608.77097586741,234946.65453484352,168336.14040789797,35664.223103710625,13606.727965873082,45946.65903619213,186309.20593194276
06/2010,12603.871626626107,37044.52037156022,43945.12504441366,52829.83118176765,45200.38498899845,55865.1159155733,233884.17401496667,167619.04390840195,34398.24950133403,13307.878222801726,46827.0414808383,180449.209517727
07/2010,12773.076953579623,37336.580972215525,46479.41483880873,56247.30328532413,46051.701811482955,56625.38248848635,245946.60807011498,171138.74521031627,34980.13157087034,13189.608466380103,45615.42408335636,183743.59898204062
08/2010,12742.912097136825,36629.6468728334,45222.49076813881,54240.84473978124,45680.34123028392,54157.71908517351,243398.47198245153,172479.90790220822,34321.34858197671,13446.079830599367,47679.65820736472,181738.04445474027
09/2010,12973.286258880336,37068.6788467851,47592.926308616654,56986.07366281049,46515.50319460726,56143.280523153575,250986.5468345536,178076.40048358735,35604.776100428135,13330.483112837046,45427.66507479181,184592.43709368937
10/2010,13321.354337951021,37898.86058130066,49451.60112001156,59254.67431981033,47479.0280147218,57497.37112506316,257911.05895510045,180498.52985494697,36643.228212296446,13467.988179259577,45241.18877530884,188585.30674148264
11/2010,13934.940693115252,40408.58336054325,48485.174242191104,56265.99994625544,49511.42788121249,63260.52801200185,254079.29080707877,187355.23303585165,39232.17713442961,14264.308746884133,45997.464182815645,196707.8230386016
12/2010,14400.585375024313,41934.80776964688,53360.555222272116,59402.78551452638,51703.83488998652,66691.48900164646,267901.6779360206,195278.24777727883,40245.228641493006,14654.73204879509,45408.77965031377,205418.2359669321
01/2011,14280.350453527606,41894.036142676916,53497.80329389425,61933.98592641215,51260.99171779141,65761.65553461875,271749.513434496,185437.56796669587,39567.85935717732,14186.856087058133,44416.49563878912,204996.22919058462
02/2011,14577.656422615808,42884.524210571835,54233.665956339464,62956.58762648228,52233.011797021834,68295.69637415066,277790.58675383945,181849.70649125343,40597.40560329294,14424.334118548502,44257.92319532699,209995.8648289401
03/2011,14233.500221916247,41775.20780700845,52895.875606391215,61336.41581853674,50831.991764623075,67598.73434926444,268242.0732742499,187514.25248117125,40020.18622397293,14216.607672837332,43192.94904684848,202465.93818640747
04/2011,14293.985674705511,41122.24911387668,54161.35606325707,63544.017781596755,50614.55236877524,65987.5026258412,276975.0395698913,184874.2587617766,40261.12831321515,14260.801712516823,42632.16837036745,201792.1725267382
05/2011,14527.663077721707,41999.27378152754,53712.94049217936,62132.57166128134,51210.830364963505,66868.55407299272,276678.47510309913,186045.55595411887,40882.3754784267,14883.394292665973,43945.70193787741,204130.98042676295
06/2011,14280.518138546697,41104.87273701377,51355.790025600225,61803.43744781187,50186.553725870064,65133.7291856362,270100.5419579807,182399.53462948868,40339.20871865677,14618.832052030717,43665.27213166515,199956.4620685825
07/2011,14309.667650310406,40814.09767802413,49434.537838709686,58565.319303636556,50054.023969144466,63620.8255483871,264476.34674125124,184172.9358345021,40328.2762123352,14365.437110518935,45077.01187985949,198988.01814440382
08/2011,13367.426137232866,38089.40722571029,43194.17441799309,50398.08565812872,45807.83028373703,57352.941947404855,234850.0126091431,165575.882366782,37583.57498786761,13990.194037093424,45945.43552906816,182535.78883432344
09/2011,13085.725217442272,37895.38655103759,39806.121564096866,47343.614519768635,44410.1702732726,54360.50412204696,223734.49878292537,151384.96649633415,38367.46987769002,14408.058005776495,48416.604175711414,178466.08010134273
10/2011,13906.049327103281,40541.83992800663,42022.690839225776,51541.01227440336,47430.944546818086,60190.69415470324,241892.21445048522,165353.6437540176,39448.48054498676,14884.75263795443,46788.00765678652,189921.604537392
11/2011,14258.711613478545,42209.923074060185,40436.40236696975,50663.66458232021,48034.93481889999,62689.360207184385,241012.72379014103,161048.41426442092,41145.241136926576,15639.149259800264,47767.58298141059,193334.99702988504
12/2011,14776.173014743179,44220.273896058265,40130.807099466736,50521.14688298304,49729.662555066076,65307.11064997296,246073.43805965583,165013.48017621145,43310.82860788208,16546.755802766827,49981.33164936654,200380.83425008014
01/2012,15190.752340230192,45370.90021675304,45169.354266848815,52715.02425691564,51688.363114754095,68533.4778870674,252972.54731591468,180456.9307377049,43133.15667218824,16669.564562537947,50246.61562142321,206651.39559076686
02/2012,15668.893320560399,46392.7103903737,47632.82151603066,55035.01602103953,53236.224235661684,69542.6071784572,263651.8376902354,187500.12492747154,44181.26579689537,16766.19591906568,48679.44113352015,212441.11352361258
03/2012,15889.897243250041,48231.54331393435,46782.660483677755,55089.9095441533,53965.10336927225,71192.90476040733,263807.99143383274,182442.90107816714,45890.78573213218,17254.405132674452,48401.02419386667,216573.9656298778
04/2012,16041.888226625482,48443.99200394809,45835.519087331624,52507.70909284805,53956.56406841229,71112.49026335705,260533.2678212542,182250.92520054488,46799.67037366153,17543.689472075075,49431.19745826262,216415.4799241033
05/2012,15634.10473594435,48509.69107375338,41189.77666209789,48579.06424260683,52382.13233895026,70282.324676288,243547.96229518563,172493.7207772313,47579.53043758996,18011.427977102314,52653.44160713581,210662.93779931884
06/2012,16120.713525721396,49758.20776691747,43573.650276409855,52204.51138174475,54178.41760127085,71885.77507069103,258960.0816609621,176570.03637807787,48805.53626779784,18422.61190214456,51279.53190985515,218108.9174847447
07/2012,16848.019422637917,51705.99974411996,43988.76413871704,53439.561302086324,56306.48855421687,72552.46694724847,268397.9063222759,184628.9060240964,50970.05515906896,19037.97494236405,53335.90204049415,226415.8451453313
08/2012,16760.6390565834,51499.67303123254,45517.255150265635,55431.27059275647,56066.52160811989,73370.66700182381,272970.79537272285,179321.75954325587,50318.70305027648,18676.607395131232,52504.40067884911,226136.1378488754
09/2012,16730.3126403434,51527.16210283268,47861.320911059556,55868.493359866356,56428.52143851508,73762.02647950503,274096.7216100142,185485.91387471,50174.60430741251,18715.308333488014,52069.651103129814,226616.5383712506
10/2012,16507.558484236455,50330.4775582332,48926.25125067345,56932.42412992538,55795.05342876935,72909.20224890327,276732.201228433,183485.72694527823,48854.48066073938,18462.21124051412,51376.16923866283,223993.7774108795
11/2012,16733.899356385966,50649.65013096342,48923.056929000464,58774.22182352926,56565.99148313569,74086.73795164023,284071.61174913286,185928.92679809025,49443.17823507641,18673.71255351917,51092.84840352054,226984.28095770985
12/2012,16628.340204903452,50305.528974354515,51697.58538123391,60032.60215582075,56962.27735334243,75472.85618159772,287460.66741719504,191967.52905866306,48455.69372232115,18402.499717144157,49896.45577613767,227607.36330765035
01/2013,16990.280518368447,51521.01658473039,54343.35697121772,61997.52801737489,58036.84724723247,78802.16152324724,296270.25092438265,189530.21118819187,49142.80038556588,18901.0833700369,47838.36878872795,232917.00015213856
02/2013,17558.700184323938,53894.961810709035,55525.75434838907,61124.61431854089,59915.71172214183,82115.01949729607,297314.38110352686,193178.36005788713,51502.041442736336,19796.28379312971,49056.389864624856,240782.74164303514
03/2013,18444.84572751378,57331.01011694862,56378.0796142132,61619.43873911539,62584.28265521281,88502.79067239362,304206.27999874303,194697.7742600547,54977.84769374548,21218.64723186255,49774.539211429925,252657.82531872016
04/2013,18545.555189880502,57242.02853436367,58157.534951040405,63794.29297314308,63098.56308139534,87003.5231777846,310919.9326511259,192233.2526162791,55518.120352075064,21258.530743268053,48951.95761139835,255291.10076650334
05/2013,18670.422188014803,58878.19740277957,60357.45308319239,65067.14843134868,63298.11783792097,91294.15610179919,313075.58470935485,188342.81316315546,55080.407900196275,21403.00650161464,48143.60421517937,256683.50795584416
06/2013,18000.181947871446,57758.94421380059,57003.17714067279,61346.32586929154,61125.978990825686,89697.03528593272,296279.18549001607,175443.93701834863,55031.23586043013,21106.48602171254,47746.10253779058,248942.3085530471
07/2013,18654.726686377373,59806.48209966141,62129.616307344644,65663.37083296175,63130.63918644068,94438.35867871939,313425.59193865326,174766.4672542373,56019.74884887132,21760.491492881356,47369.49915143861,258198.79338420441
08/2013,18337.931601566972,58249.925209722256,63064.28032640727,64701.80081231129,62028.78936154138,91435.03411711374,310361.83441321045,172352.92977710618,54551.23163019376,21128.362855459014,47520.108931602,253466.79692485603
09/2013,18853.224062473997,58875.457017134955,67592.21221917808,68995.36285409295,63952.03232876712,94704.87857978528,326023.79438350577,179944.84602739726,56721.286215389475,21270.69444383561,47184.098354185575,260822.4428473896
10/2013,19378.86002690819,60967.83233183217,70674.35363243164,72320.84557382621,65873.34180778536,97329.7602404516,336601.3314294768,186832.35359577744,57810.181097073044,21922.727724360382,47422.14942574101,268329.7713151432
11/2013,19844.677084352574,62964.23729032452,72258.66892954228,73538.6012253233,66981.4123429579,100775.62514289914,341330.96615461604,184520.81207846594,59216.148111792776,22373.357422966714,46828.136717054105,273700.34603190416
12/2013,20029.432622219458,63715.72525354884,73433.42269596114,74052.21824516663,67270.44772677834,101725.71996084404,344415.2209926144,179494.2969762889,60106.07000921852,22383.896251758393,45829.8437068319,275843.8285916278
01/2014,19452.46223167974,62764.24015938076,74367.1998505475,72305.48773212651,65908.84021899971,100529.97028262801,337841.6633949263,171294.39681858543,59637.469446048046,22056.92101805268,47502.90089592296,271031.5379847727
02/2014,20099.37887163095,64224.18080002153,79983.5723564758,75925.9158415927,67639.39972489684,103109.75688699054,354718.9883923208,173198.8423658872,61693.69948932537,22497.989041337867,47013.75458815172,278480.3452700548
03/2014,20210.6806432847,64881.3223158635,80027.24754424139,76132.05830030827,68099.40809399477,104414.70716420078,351733.3725205207,178877.98289817234,60052.722035064806,22895.61232056861,47048.121324545136,279389.0342894554
04/2014,20495.088594907153,65068.30076013522,79507.3367393502,77061.79336720618,68475.77337184116,102285.85158844765,358893.37104266736,178740.17116245488,59095.21138988331,23073.73801761733,47287.49457315389,280988.38612698956
05/2014,21164.599574437758,67785.15869094235,81137.02822958771,79140.92627423978,71241.54571911515,105031.7705886676,368570.2668970448,188323.9198941721,62306.71911064939,23761.384960388034,48199.638868058566,291633.5514730402
06/2014,21354.262777064665,68927.0076252774,80028.15191828967,78456.95243643638,72342.6530238688,109211.89298433154,366816.2853753109,192690.4573143945,63391.80543412695,23996.011855322886,48422.72171133125,295742.14021667634
07/2014,21572.806716281215,69393.94970425921,77480.32032139921,75629.5633334057,72977.89456611106,106251.511987443,360310.64272805443,200673.86427984157,63406.990010716305,24164.662295537775,49086.16844930339,297091.18862360873
08/2014,22586.822714638067,73215.38183992346,78208.6997831362,76754.8146508291,75700.6263876251,112906.0788489536,367062.9968066034,208249.3573703367,66347.44048136193,25431.47543008796,50074.288589809374,308035.1752794275
09/2014,23015.660467258564,75659.57982293481,76878.00105380276,77780.16033173903,76798.10449018519,111081.544525153,370267.4555965352,202129.22160057223,68146.26566823969,26436.19732464436,50499.06263567116,314083.36552184226
10/2014,23594.191622911825,77872.68476363232,73873.18508942831,75541.23374526572,77720.75887895242,116187.02856755033,362203.9675837346,205499.4848450974,69050.5019560051,27467.793561481954,50768.97422741446,317604.3742209276
11/2014,23970.33115435529,80229.6490946457,75041.0786990307,79010.86424668596,79313.70684931507,116762.64209885446,373053.03237142303,204006.0383561644,71471.26326687982,28318.112349275016,50722.382286774286,325033.47795628244
12/2014,24281.826508832528,82281.83035112744,75846.35197430196,77056.07570084334,80008.27887323945,121614.28316777862,367050.21353519073,200184.90422535213,72746.45183845943,29090.832506383325,51969.54059280894,328800.51832220104
01/2015,25886.807884384598,85713.74060605606,80398.73237328616,82876.18570354728,84600.69277310923,125361.10892879257,394179.4347086487,216294.74924369744,77982.52166126529,30994.490700751874,55548.89094999408,346716.8438486681
02/2015,27369.65190754987,91164.1916919498,88332.60264946618,88882.43476648082,89865.91601423487,134277.36372953738,421350.3707002235,224307.68604982205,82495.55974056551,32378.024820996437,55251.02616726526,369153.02071809606
03/2015,28148.017154609817,93733.56563875942,89795.5383102519,91585.28568636249,92484.87398457105,141535.27033553304,428493.6316542721,231050.34925178916,85425.69941384066,33355.61709378194,57085.122548052255,379619.79077753314
04/2015,27633.499280854947,90785.14292758706,90956.63443958985,90338.64357979775,91342.36023183237,134126.34832634867,428917.4755196788,238760.16267498882,82215.61347206983,32024.59350084708,55306.47866756128,372725.55846324004
05/2015,28398.061968211197,94006.14894401703,93488.852437557,90749.8823126876,93333.11250683684,138640.02181768464,435117.33795693266,234364.8839562443,85686.77240052696,33094.47849079307,55201.0202470695,382362.51981621265
06/2015,27180.035553559424,90381.92538660565,90058.82133702745,86861.59776916957,89392.61043882385,133842.2003968183,413493.77181069966,223985.0736437573,82648.32208262176,31767.831453391722,54179.91474918104,366161.8219623445
07/2015,28390.44219762204,94143.5082104709,93124.99545363364,91998.27084268683,92027.36017142335,133110.22193671926,435040.5838393367,212818.88808242907,86988.4567916271,33618.465012127286,54914.90705292655,380279.52341622126
08/2015,25938.653217865063,86507.22112462565,87233.87544003568,83548.48922782458,83859.74482389656,124097.3951029871,395126.57933029963,189362.06081141328,79440.82362558323,31310.6830156041,54461.09444685638,347261.9628898927
09/2015,25423.187786468563,84457.09292036093,83353.06658573597,79462.85909340826,80945.38912791215,117956.94709274302,377085.0114383385,183929.72471659377,76610.77502629609,31130.918473266087,55109.79003039034,334811.61987012916
10/2015,28023.796361361066,93127.60021443068,89181.32851774532,87718.21785547392,88794.04950530999,127300.8524008351,410907.89072526013,200389.6490877735,83296.07781663882,33747.7454947808,55641.40387575482,367444.09193572117
11/2015,29102.500835685067,97271.68657359488,91577.53054731073,89912.71906358738,91747.89936666981,134834.90105870122,420076.9869088335,200560.09870498156,86866.0392824777,34808.52253521126,56985.20937759009,380753.3028311568
12/2015,27791.841393270177,93029.04734009958,88301.65733627263,84710.41518809994,87582.0219895288,123066.72119224766,397687.9960800059,190652.2052356021,84422.09624307301,33795.890075135474,55962.57449579665,363478.2643024696
01/2016,26333.035005192796,88145.4677506197,80177.86558058608,78800.96379858344,82071.735,113350.99583333333,370351.5211047289,177755.6744505494,80555.6773796219,33417.91026556776,56971.4054544737,340700.71174003126
02/2016,26429.525042131976,88285.25910265525,80628.04299412196,76951.7435537822,81792.51331741367,115830.36827332844,364785.76459569775,178006.03082292434,79746.96917013328,34268.03926120499,58414.72944705372,339158.94570260134
03/2016,26941.516842266403,90158.85027076148,84143.31955555556,79314.27486108127,84072.7981027668,122056.26650505052,370759.8247841195,192804.50213438738,80461.4989626064,34578.272330610445,57121.847495757196,346363.58596662537
04/2016,27018.95168855981,90365.61759920366,86894.42103130755,80547.51622264716,85228.67940015784,126001.62168727531,379217.68932782847,193584.78263614836,80478.04817173604,34415.4008166272,57552.09772269803,351288.92036680126
05/2016,27818.730937238208,94041.86464365873,88099.41874125876,81758.1750079871,87314.98240989781,128914.35994262151,385404.5176800536,190563.06842388384,83938.56353873537,35545.963948359335,58382.99719777401,361148.07866792823
06/2016,27829.834800756973,94727.26371003035,79300.00837506757,77040.77508929408,87239.08324626194,128529.5806179067,369985.66653000057,199295.8268420104,86647.10531110228,37497.096224464054,60668.06449066583,358773.9176487272
07/2016,28697.915461011275,98122.4483284199,84059.01047961848,81428.32846955232,90934.92563664178,135065.9345595249,385094.416066575,209232.34710699183,88953.8757738705,38131.951168541345,60577.682835379084,373561.4143701499
08/2016,28525.507540598202,98092.579425808,84831.35090909092,82057.73266529533,91129.261013295,136447.88235537193,385571.49238022894,214135.6440172476,86358.2526568034,37285.98625476105,60295.79271421241,373233.7553825198
09/2016,28518.63124261643,97855.9861069339,85935.20709255441,82594.81018924601,91488.95287160648,136966.5099507213,387919.8627898107,216389.0688468775,86745.8839511188,37141.59209210643,60142.51884595652,374241.42262952926
10/2016,28210.752594032292,97958.06446732307,85193.13604787138,83237.10625538195,91724.96864608074,134172.71994335833,382656.9088621559,221184.7756806139,85800.89501888075,37083.89925013703,59501.213640131034,374207.28087554907
11/2016,29417.997764801006,104556.63726649217,86216.90089139635,82647.49329621175,95171.04930888576,154960.11976492713,385280.4855978086,217187.7351198872,88704.72722004859,38407.560565679356,58689.979081974976,390688.36822607514
12/2016,30153.74631223985,107574.05309080001,91983.09922208519,88665.38793016667,98132.06411156437,160861.882610758,409088.2841065431,219759.92080447773,90845.36683081766,39507.183933972105,58612.43438449698,403604.2451270576
01/2017,29993.30001515855,107433.25068906232,93160.40014876804,88156.03774228883,98829.91665271968,158565.09566527198,409276.6629178326,227184.65673640167,92225.43478751104,38874.80419823338,57771.26336977542,405120.64955376135
02/2017,31545.53714438503,113364.64866406667,94816.239156365,90289.24734327805,103161.9230725677,162915.2409285647,420340.6793622682,237647.89949985844,95822.91364726855,40962.6066218741,58963.21585033745,422568.0058265258
03/2017,31682.33586475468,112498.78373369783,97355.72918529606,94951.29076433576,103574.01382471238,159652.23924048268,433376.2780829474,241563.68822373962,96997.24499612288,40406.44192685437,58628.58665193196,423314.19588194246
04/2017,31491.254126883185,111168.99927821242,100667.21091308327,96717.3885982711,102934.90655077768,156034.1361591949,438867.2372034051,241503.2687099726,96665.006151986,39709.95673705398,58331.86644038362,420188.69421122666
05/2017,31498.39523178573,109809.85361581345,101407.71445325727,98805.83063072736,102568.21999821762,147677.93913911417,448215.3835776557,242244.08918991176,98134.42600432553,39290.46715622493,57441.93274657616,417950.07852489385
06/2017,30881.098174489995,108645.92529868468,97694.84437960041,96045.12887962165,101351.97570977919,148912.39393620752,435900.2640180989,240749.22476340696,96722.08796624732,38513.21021731511,56527.30196945179,412536.08641621255
07/2017,30524.03689137745,107901.62828036689,99660.51466189137,96930.80002188776,101421.80460475825,146153.6117148461,436855.0453679013,248435.99171143514,97035.72244226986,38087.41199727124,55700.77357224613,411062.7127959523
08/2017,30366.438610357927,107335.05397738262,98729.77584270613,96487.96896611457,101015.83864693446,141883.2035315011,433486.59729913244,251964.62882029597,97627.58421794251,37509.64302748413,55883.776690215884,408230.04971971683
09/2017,31080.756726946485,109725.43749201209,103285.27281043536,100364.31708766375,103170.93664238522,150737.833427071,448511.0863190135,251423.91873623576,100284.67651896203,38003.963543960694,55526.07846232782,418064.20015282405
10/2017,32262.404893356448,113906.76227661093,104166.30537549409,102763.32652403292,106857.69135590308,153595.6401581028,457124.9619397659,264010.520415879,106372.5372132343,39452.70366042275,56083.83983897068,432113.9841518363
11/2017,32613.151664712703,115309.63716797263,102720.91936365941,101200.66715220225,107034.53553886403,155248.6381298,449972.3989159638,259843.8935268799,106426.05702888264,40541.978327284996,55551.2195603268,433615.27511633723
12/2017,32653.869653186757,115191.7734755323,104959.98649378805,99801.95747277033,107489.88993579589,154608.66760110063,451272.55971763056,266073.0086050196,105467.00533495432,40421.60376886516,55227.71046295931,434202.47774127923
01/2018,32730.867069167696,117250.5972417951,106257.29719996788,102838.23438572063,109345.9191137513,151698.91244280327,457944.7385919936,277531.5668780605,109723.75846676684,40094.59439672473,54067.253423846545,440101.2178965249
02/2018,32215.300221111876,115175.98376271767,102464.07510397903,98819.33096806938,106880.92213852955,146520.59073358442,439602.73353844386,270039.19870640244,110093.54030294846,39523.125298837396,54837.75703516596,430262.1464833315
03/2018,31570.36446606824,111274.08712090128,99929.04352081812,96700.77494181729,103748.11351351351,146439.48585666748,430541.3897321896,262785.50810810813,105575.69633548352,38540.520801882965,55202.52002999566,417228.8644593668
04/2018,32398.6594436179,113938.96098767356,105251.99010679692,101624.43028065735,106897.01948836824,151063.35731765878,451319.4600175783,266914.12509313686,108796.4385950866,39377.29573640202,55149.15933220192,430478.40486289357
05/2018,34001.11516775715,120472.88945259969,104773.7538798188,99927.7719256737,110602.16856141551,163769.95875032054,450680.2333590973,265884.7793486623,115520.49704715422,41225.48539191384,56433.299127757826,447246.1646248766
06/2018,33905.185308018146,121640.63274996902,103606.52125064335,99419.78045558762,110434.3170355121,166133.7188471436,449234.2460310394,255911.46546577459,115514.47031512225,41788.253937210495,56273.789319966854,448604.95825159445
07/2018,34817.21490822683,125328.9267089323,104739.27805896387,102398.4119346922,113044.23297546012,168557.33956884802,461102.78805597784,260018.9981595092,117297.87708655756,42786.79141104294,55870.8706634566,459541.8254727306
08/2018,35642.64963022246,130356.7781939615,103034.67957943525,99844.17217513762,114814.60441163849,174230.40187108403,451493.98604115826,254910.81690841983,123483.52597986761,44429.62808342631,56118.52231913802,468621.7621348341
09/2018,36030.82885391634,131948.1542186513,102768.71027125086,100037.29841694608,116108.75774015204,171752.23169315828,456037.7011353054,255285.8143227367,125486.56041392678,44980.20680718728,55611.17140940127,474284.180484492
10/2018,34287.389889290505,125731.73732401438,94914.30890616719,93372.18407435462,109882.17959003359,159317.87392648883,430836.69288392237,238389.48639335574,115671.83727288638,43539.890546032875,56443.30425859415,449476.2344262739
11/2018,34343.764795847215,127830.83777741964,91705.4035918655,92174.50991114374,111138.74853420196,160722.79113830448,425282.38098929316,247334.62280130296,116900.28334992447,44277.24201074038,56732.50582152583,452941.4068593441
12/2018,31739.63112947385,115364.79139345145,85558.47219737992,86871.98511060367,102534.31210480348,138739.6871510917,402416.12560125417,239016.81961572048,107416.65686386194,40010.64761572052,57537.66231203379,415174.55792518426
01/2019,33969.92218443134,124197.35471944523,92786.47346796659,92372.86462437421,110295.89012883008,155869.01344707524,427508.76455519494,259102.98676880225,113894.16162311642,42776.67426880222,58082.71500177606,445997.4201774572
02/2019,35716.88528055082,128993.59461161245,96310.20431149265,95879.08858351053,114010.58913805187,163252.42787666433,444654.3642893638,261347.22088297128,118824.70072249841,44576.41233356692,58000.078935943486,462305.9594939657
03/2019,37046.240797364226,133618.6273061136,96442.25111704497,97334.68305467456,117376.29644859812,161435.27910458393,454574.2147130301,267838.0442723631,123853.22089450814,46312.047850467294,59578.32418991988,475923.8434171277
04/2019,38293.73457325075,139239.43869351596,101186.53739347479,102301.16532031266,121585.67361383492,167969.9573970405,471540.8591549336,273941.615867356,128027.51616975824,48178.32643965058,59380.0272329005,493546.57369094866
05/2019,36286.27335540535,131174.49245773104,93245.70792754015,96307.22753673122,115162.40742534303,152001.82317460317,448384.0198646817,255677.52542372883,124125.58133720324,46298.7778315846,60775.37790582942,467862.81652616995
06/2019,37952.7001080772,137593.57976994404,95720.86024780318,101364.00882653812,120286.72233743408,159998.41875746928,468874.82243703894,266371.92616871704,129320.37357468602,48092.88692442883,60828.56099775033,488657.37123599893
07/2019,38915.85980145468,142437.50223542243,94432.30694825578,101282.79661432646,123158.90476190479,164000.12008250382,469234.2596773712,268743.33930589183,133304.5706510444,49871.43793381759,61919.011721987605,501162.76623742934
08/2019,38473.23384508007,141641.8466415389,93015.93880210223,99978.84329992578,121547.08200434943,155289.6859623052,462198.6876903012,258381.81502355926,134783.60494441263,50571.25262776368,64335.51722776967,496027.2187867925
09/2019,39697.046068465184,146239.98744519314,97423.6872623749,104042.64356488203,125836.58681237948,165258.57117825327,481186.9741921868,266955.2405730554,135497.10011199725,52080.29997244925,64113.41121679757,513422.0061230561
10/2019,39855.92462277947,145857.73335791685,99896.29822126591,105191.60625303295,126240.72393760085,164441.19669535596,484833.3412867553,271629.89725658955,133915.5095327335,50997.26239913932,62957.93700911711,513978.8229862183
11/2019,41817.022904319085,153519.57397027427,104124.42692041524,108391.42395649727,131402.72179930794,172235.11669459115,499784.1901607065,275522.7020761245,139553.29056273153,53016.11305773083,62960.01894462644,536567.3940731816
12/2019,42264.21534651675,154605.5539894512,108421.70616343246,109086.85409181518,133032.1305323126,175674.3190599965,507657.7831687136,289613.94755207404,139781.17933859958,53617.67815559906,61961.78513636184,540245.1776247153
01/2020,42771.47190447395,157089.91020089062,105259.08615816143,107581.2271421774,133763.153257329,167790.8689956569,503042.40035375487,280672.06302931596,145822.28615179265,54646.572529858844,63812.41859730828,545799.2645173206
02/2020,39441.03480979507,145143.4264082307,96201.88112599072,98858.25598258377,123851.38524186937,151175.95474719873,459495.60669366206,267703.9754577754,136281.93221395728,50503.14198779266,65072.611201010375,503079.3821788026
03/2020,35117.55530022574,127460.09206037803,70990.75387367654,81910.6155150659,107411.5085980285,108977.66891566268,393887.132726348,226972.98236582696,122590.87959078261,44252.498320554936,64902.54371077871,437337.1673498101
04/2020,38989.25871637635,144857.45506297876,79357.10381941892,87710.37703534683,119847.43482898125,128266.56757263702,420318.04340946954,249624.58306362637,136141.53635902583,49504.5851783744,65781.19943166121,488682.0413655316
05/2020,39868.444138175175,148213.47863941544,81120.29269216956,91111.1193612352,122210.75479525862,132136.73016343394,429199.0781329704,245720.77176724144,140613.90013906368,50439.10955459769,64849.21261396376,500328.62943239417
06/2020,40212.61921018994,150324.24503725188,83130.66026611895,95958.69371920006,125470.32002143242,136427.6043222004,444179.3252061395,262449.36151098413,146302.8025459028,50341.67379889267,64648.02462801437,510719.3856089005
07/2020,39548.53769049832,150088.26777396398,81945.57216914248,94139.86542306279,124906.02341323429,132059.38443281568,435942.9612157399,270439.1989365294,147505.2328976318,49832.42187711005,63616.73639341674,505793.58179705177
08/2020,41973.965981207744,159637.00180717173,87259.7691155779,97796.61902597427,131576.3767839196,139179.2284154104,450382.05210469966,274353.6631658292,157674.14303842545,51604.31088777218,62601.412953388324,535430.1946260751
09/2020,41505.77659338041,156614.3362877709,85220.54545951488,96009.67910631173,129906.79837717801,134639.1603997267,444002.1333958664,275367.7059275709,155620.140357448,51627.39576358045,63721.09957769271,527202.1107953145
10/2020,40246.91770209596,152579.8676496115,81272.57585912122,90121.62988197203,126888.96395965124,140699.6998905796,419320.1282010849,281323.7972302958,150226.90554547412,50250.82000341938,64020.996960966186,511467.0219300348
11/2020,43922.227622841514,165297.0491800937,99145.03270784643,105818.65750526333,139220.51213689483,166266.6388731219,479110.6358693489,300124.8890984975,161171.10329559864,52872.95345575959,63287.1886963729,563285.0712466314
12/2020,44489.47531736751,167581.83983784437,105031.48207481054,107752.57531303471,142279.59194849644,175222.40464346833,489767.1089312235,314686.34600277076,164132.9290816916,52987.55217993643,62703.87180802779,573242.1670965338
01/2021,44040.632853124254,167735.2464011327,106010.73753790378,106745.02386467112,143242.73780487807,188504.43113381675,488043.58764379175,328025.23353658535,167323.13777323425,52339.28902439024,62333.9582428859,573858.2691392894
02/2021,45138.096919129464,172573.76153343052,113927.08417457309,110616.58139278025,146784.83404009574,206273.405996205,500593.8842992144,330961.2410857191,166462.65516660808,52209.791667354184,60893.38714133481,589291.3543261647
03/2021,48552.913062298205,186215.49190584407,121919.58144477612,118026.30331892816,155875.91119829423,227304.55445799575,533487.9191165894,337056.15300639655,172512.67542161507,57325.664989339006,61584.07922091049,629463.2180545023
04/2021,49492.071988085554,190357.6741665408,124959.38488164212,119847.44312345555,157946.4697235557,227799.14378248638,541251.392664729,335284.91690117534,178793.1385250883,58138.39212050985,60806.55727990243,639293.4715252456
05/2021,49915.1701995915,189817.5878557898,129856.81880173755,123530.53570599419,158924.11762970246,233783.85518891897,558312.8257368612,339791.16941234324,175188.04677599657,57760.78052618638,60462.197943085404,642177.7502744967
06/2021,52320.6949180993,199430.45127707996,126638.11283237969,124310.0396457496,165367.14431167959,236984.18452877822,565407.5394437196,349573.9905923932,181907.33767723528,60269.18566139347,61613.680310035175,669134.3749599874
07/2021,53895.17057277927,204047.604063698,129295.5940425532,125859.22606412745,166456.44759902445,231422.4170212766,575520.9460011658,326060.942023379,184792.88240863098,61955.632629719956,62637.87799374885,680719.5483439139
08/2021,55496.77101508955,211264.50676924916,134129.2455332094,128987.81596093325,171496.6658441778,237647.24986479635,587032.4342752893,336310.3644245395,191587.99056204452,63621.17921243873,62552.0348352873,701021.9054239772
09/2021,53276.94377054699,205874.9345089844,130871.63024095347,125066.47989758631,168108.0457552466,238291.8641782538,571293.5169045591,330178.0385352794,188540.40408928285,61698.84656706106,62285.62503316523,686712.4158920497
10/2021,56808.80919652814,219050.23124671952,133262.65636410477,129268.5648763819,175730.31962215542,246705.5119244311,593643.2615090411,331593.04425933876,201578.25712926142,65049.79936453412,62126.76585486284,721495.6823644937
11/2021,57184.73690095926,222931.0604849977,127669.23231540967,124615.73831096204,175809.6402358532,244755.0955751122,576998.3641555136,326001.36159464926,200253.07812689763,66300.1982575024,63858.42956865618,723198.8448385729
12/2021,59489.95248778776,233682.94372520587,136340.77654776623,132544.2806087669,183495.8484019071,257584.10408793928,617113.5434303305,333361.95447642595,203864.00956676487,71038.37541938902,62782.92333045974,756571.9801449956
01/2022,56269.93321175332,224967.2879732875,133037.3484277519,128026.92891203129,177177.55127285767,250773.71788633926,597849.3433084766,332060.99134098244,190960.07830763856,68505.14994621728,62328.0532609106,727460.0848749744
02/2022,54294.48168865108,217393.35106870157,128881.96658630237,121097.88814277612,171991.69006161264,254456.39910349142,578734.9951661042,320938.50152692205,186120.77937370352,66242.57737297972,61534.744072369365,706339.1613572572
03/2022,56542.73038295103,227455.58219174604,129387.36385190523,120171.4338298917,177370.52867309249,259013.27916223762,583238.641085753,316571.3680569318,196119.2793965539,70061.3545446356,59950.099101228574,732130.2464883361
04/2022,54904.03714295794,218671.88539007842,129154.88118406074,117686.80527391567,171928.36127134727,254626.90072296013,578953.5771857572,314924.564117647,183130.8880264672,70135.13601518027,59503.12265544601,707040.6844588212
05/2022,53504.747223825594,215535.21603835394,128812.53146830955,118237.21641218179,169470.16852422294,256691.6939531411,573865.2051645381,311280.7223186783,179883.7208478373,69037.00849435265,58525.300011360996,696149.8277558048
06/2022,50474.69557893382,203950.42410264228,113437.42689900841,108057.89583798553,160127.00772118993,236988.33235582945,532999.3845892824,299980.93568884186,171620.64708335634,67232.50401463368,58055.62939724952,655804.2932234461
07/2022,55432.69674310282,226883.90453305707,121041.79336340462,115192.23754526328,174541.5679545009,265779.7117905472,569747.3164039922,305045.900627574,182455.67401657457,72373.29288095704,60601.323061971365,720991.7586758113
08/2022,53784.33969167351,221940.37035095043,114708.05653800002,110022.75870709096,171513.96102,263551.52443600004,544831.4764256537,312501.15936,181308.37553839778,71169.64839999999,58703.89324907986,704527.4437804917
09/2022,50136.95525027589,206708.83301550976,103098.66250512928,103016.69061091192,159178.31109971277,242605.85245794014,510310.8028060511,283156.8756462864,172351.42393822342,67316.96889618383,57148.849367063725,655554.6788803298
10/2022,52670.282051733084,219702.89608303513,110479.18834577367,110282.10032993848,165998.16893282227,268273.7493826912,537728.4209466464,269808.0672382489,186342.34229005885,71529.58002824288,56372.31412902648,690867.0682405855
11/2022,54587.191873921714,221651.79412058406,117588.657536623,118943.25020424716,170981.809001542,269021.9700616808,572102.1290695529,296069.8186006168,187528.07978884556,71449.42397841171,56591.36218854905,706003.091686026
12/2022,51067.176562961264,203202.08379100237,116023.02555222204,115615.47468302837,159853.73710856933,245625.51258766177,556616.6406674158,284127.50133133325,177966.19413282233,67021.87522970185,54427.5225735355,657640.5600279866
01/2023,53335.57400799882,212640.77523455222,127137.16730360936,126984.05622935001,168710.18798116865,270027.6599575372,595576.2755554975,301863.2550540017,177106.11499705253,67967.97651620049,55174.45672244806,693317.2073211352
02/2023,53026.38286597186,211633.08209762213,130634.24885205763,128580.68284301701,167237.88083623696,270018.17069968925,603810.7291722611,288001.65574912896,174839.98750573574,66137.04849797532,54592.30196966284,690287.1415167827
03/2023,53810.11086068592,214238.2464260528,123698.26406252876,129533.23230141382,168449.46620689658,245398.27788873567,603572.9589789583,289860.49456551723,172223.16858579838,66861.53382988505,55352.0632571961,694865.1891246431
04/2023,54342.889559949894,215481.94323618314,127162.09105728076,132277.69630379765,169300.4023312995,239786.36042072673,622573.1617627826,283863.87128676806,175472.28854576577,67986.1010108369,54696.89248457002,700220.673065365
05/2023,55437.77795224324,222455.55686589688,121707.5389366283,128068.58772123077,172283.20909856784,238313.85786015168,602395.7505268039,286965.6660488627,171616.48216182095,67637.66125620143,55379.69094037912,712567.5961556861
06/2023,57702.427540931894,233160.3873990072,124610.87177986381,133751.89888642787,179290.9694643843,258203.51839131242,620614.5495238258,293112.9192159028,179601.27676568148,69604.69457021904,54121.644652580544,742935.598895187
07/2023,58760.36552414287,237222.9845262198,129219.97682844961,135796.7869873595,183259.95072121927,273158.2221573075,630535.0069551577,307121.98181983124,181340.35751691464,69118.62505669962,53653.94744441071,756955.8338300635
08/2023,58838.08489194172,236775.55086954485,125371.92656790579,131411.83922567035,180753.4479020979,266658.9599282297,614157.4863395223,292403.45769230777,181573.51253261123,68898.5107839529,53758.5379593179,749413.2711877195
09/2023,57485.39779905503,231318.43529727083,122981.79173494433,127289.25006694555,177826.56405512555,259070.4807494809,605006.6169898075,291910.5744915953,178621.33883787785,67722.83824806495,53242.49230557776,735631.2369086111
10/2023,56480.18934693551,225921.39736823112,116278.0783124588,122641.90246870792,172113.4662020906,243065.77155664377,581043.0775316248,281032.5557811342,175009.04035087416,66804.72375929935,52707.699295392,712604.6794219364
11/2023,59748.0336983342,239516.55614766828,125674.01624005125,132723.22152159165,182712.48473149756,257829.81917299426,620166.9517020354,294037.75462098594,185830.19739765135,69934.91790321106,53608.55910775288,757166.3427930666
12/2023,62022.928126098406,247701.348488245,134673.2408687783,137199.97732454585,189489.92823529412,287324.05603619915,644135.1894200499,301785.53265323804,191970.37832442715,70930.38454298642,55282.0073462677,785784.4342333137
01/2024,64278.78168717808,256814.10269384514,133188.58863523114,140551.34479819608,194388.7699732398,280763.4452117745,656027.2050952585,292646.9060748459,206677.50072927403,74387.37277844419,55287.92756409264,810844.0442109375
02/2024,67831.96214128214,270801.7822068392,131315.38886015152,144810.96137101014,203008.10096065028,290079.5466654351,666916.6968666045,307730.0632399686,225574.6249893225,76735.97062627008,54675.18501921192,846080.7267240373
03/2024,69905.51644819058,279902.56650412816,137599.96734622144,151157.04535556497,209784.96695957822,304394.41387290723,692806.2299524446,315983.3625037206,235675.9603509991,79206.25388955693,55053.0922570369,874481.0394525726
04/2024,67787.95428986568,270799.4437820734,137888.55721030044,148056.5939345988,204714.16407911925,286806.7724892704,685583.7553768862,320588.2618269763,228043.4762725023,76953.10001866019,54020.01424658583,849304.6831396249
05/2024,70575.66442319668,280717.4591253085,145869.7564688537,152507.79051982335,210525.73606708445,297840.0933413196,709915.6540412568,317543.82672621927,237975.14087677267,79418.64813859196,53801.952890034074,876272.4418082599
06/2024,73133.2892455754,294783.1947701515,139365.82478094348,148849.1604943444,218246.924614666,293778.4104437179,703495.5256276454,334333.7832071695,249918.5760935914,81846.7984680056,54476.8577220766,906380.4276370538
07/2024,72681.90836295788,294982.11645338393,144506.0472571112,149198.93411820487,219307.09571481345,320755.4385205025,710437.5232374835,332121.4626598419,244179.6275703447,82618.79682305134,55599.72570287252,911875.6486115364
08/2024,73651.19101124156,295079.1760101126,143371.0435194372,151452.79684376888,219838.04009791327,310775.87275006773,721192.9309480111,329922.44530281716,244256.52468279764,83592.29609452511,55630.31349496801,914111.8851203562
09/2024,73488.414817019,298447.0495512129,144674.7390353698,152752.97653016896,223100.8718491537,312703.89997677744,716928.7044593027,349067.73162684817,246101.4154629105,84151.58163629867,56093.07718828373,921790.4328540993
10/2024,73640.78376423322,304274.32701249747,138375.77434662747,147793.60112357198,224200.19161850028,316888.37224958645,694156.18335721,342883.07845515513,250232.99007100856,85218.46833302699,55534.60330679825,929575.6308922447
11/2024,78637.52135518733,331895.24242956,140134.30814807804,148218.4137942258,239071.2412379906,358598.77774285176,703139.9017963521,339780.77447658166,268429.7084676939,91709.04351448588,57289.94789189133,1001686.6318807569
12/2024,77057.60845101684,329378.52851706924,140723.90755606894,149776.09284958924,238077.88000062914,335259.0406641641,697375.2579658107,346097.1292322707,265746.8829986559,89259.26033304457,56892.3065946499,991827.676110626
01/2025,79430.49106034181,338420.54886478174,147477.72058500914,161225.16063336292,245110.87756114788,347066.9711613587,745104.8678857393,350909.5583242473,278396.28295849613,91524.75269893199,56903.16032732895,1026432.723147118
02/2025,79120.2743900753,333427.489458091,151620.91233695133,166572.40148513007,243528.40992041214,332033.3569167228,771142.1761290719,352456.7193564433,278724.38859940245,93364.61404283931,57818.82068425215,1017283.4172351286
03/2025,72618.13141086718,302887.1815190756,149258.62045492374,161387.49820012276,225203.34250283858,301474.7813703191,740100.0390152235,341488.2389519243,253014.32145685636,87854.76745261213,56062.48939618823,935684.0796237948
04/2025,69198.44755297458,286073.22100085334,151103.73064450896,161750.43632751203,215995.89159027548,274195.33870218945,734564.9228067619,328764.40258697316,248540.21564331235,82429.9957794777,55177.416831360526,897683.5625529446
05/2025,72460.23894164903,304991.94580803666,161707.71853955378,171036.39242621683,228712.64301326196,290519.70535496966,770368.5005250713,343242.92975284124,267227.0689444755,84989.37941617426,54778.78883114827,953670.1463012428
06/2025,72439.59131079321,310082.4937691555,163832.03450853244,169846.5429468865,231123.7754775125,294915.50728157,760661.6183343187,351915.94467064133,267960.1692211912,83813.86034129692,54012.120622819246,962483.609688693
07/2025,74082.50448527597,324631.0746188259,165746.0651511445,171240.20921965214,240255.21266060797,308095.6487226979,765005.56047495,367958.9270160988,272198.84436743637,85545.18490302289,54310.104920007616,998210.3194934728
08/2025,74659.10851548394,325188.8635007704,166628.79560301942,172632.46834456275,240729.1467466071,324440.9516863957,776947.8308472122,364416.2874385083,271981.14379340934,85299.47078401098,53861.15506828341,1005623.187012044
09/2025,76239.8753345786,334675.49127028167,167622.08661783495,176958.273652555,,325886.06303551665,786758.1352612886,,,86316.43495443316,54007.18710796515,1030612.3078665478
10/2025,78195.46957018849,348054.981330242,169586.226904968,180882.79640095533,,330193.9890773758,805405.4263059536,,,87680.48886965551,54769.90850441087,1068264.982868785
11/2025,79012.5367347625,348546.0327102017,171352.89673525855,182204.69079811388,,341025.193294138,816361.0427165432,,,88865.43966799238,54579.474831042135,1070171.09805118
12/2025,78686.3014233968,343297.9376261787,176158.8546417021,185796.74949487412,,337061.87313531915,834921.7937823492,,,87746.38379574467,,1061927.8303842624
01/2026,80272.76072121863,343337.6184395797,182572.9766842856,190723.0697713198,,351421.049767598,859701.1305361988,,,87317.22396174175,,1070298.6659424987
02/2026,,,,,,,,,,,,
03/2026,,,,,,,,,,,,
